<ticker>,<name>,<per>,<date>,<open>,<high>,<low>,<close>,<vol>,<o/i>
J0P,DBXT MSWorld US$,D,20100108,0.0000,0.0000,0.0000,0.0000,0,0
J0P,DBXT MSWorld US$,D,20100111,0.0000,0.0000,0.0000,0.0000,0,0
J0P,DBXT MSWorld US$,D,20100112,0.0000,0.0000,0.0000,0.0000,0,0
J0P,DBXT MSWorld US$,D,20100113,0.0000,0.0000,0.0000,0.0000,0,0
J0P,DBXT MSWorld US$,D,20100114,0.0000,0.0000,0.0000,0.0000,0,0
J0P,DBXT MSWorld US$,D,20100115,0.0000,0.0000,0.0000,0.0000,0,0
J0P,DBXT MSWorld US$,D,20100118,0.0000,0.0000,0.0000,0.0000,0,0
J0P,DBXT MSWorld US$,D,20100119,0.0000,0.0000,0.0000,0.0000,0,0
J0P,DBXT MSWorld US$,D,20100120,0.0000,0.0000,0.0000,0.0000,0,0
J0P,DBXT MSWorld US$,D,20100121,0.0000,0.0000,0.0000,0.0000,0,0
J0P,DBXT MSWorld US$,D,20100122,0.0000,0.0000,0.0000,0.0000,0,0
J0P,DBXT MSWorld US$,D,20100125,0.0000,0.0000,0.0000,0.0000,0,0
J0P,DBXT MSWorld US$,D,20100126,0.0000,0.0000,0.0000,0.0000,0,0
J0P,DBXT MSWorld US$,D,20100127,2.7300,2.7300,2.7280,2.7280,360,0
J0P,DBXT MSWorld US$,D,20100128,2.7300,2.7300,2.7300,2.7300,0,0
J0P,DBXT MSWorld US$,D,20100129,2.7300,2.7300,2.7300,2.7300,0,0
J0P,DBXT MSWorld US$,D,20100201,2.6800,2.6800,2.6800,2.6800,740,0
J0P,DBXT MSWorld US$,D,20100202,2.6800,2.6800,2.6800,2.6800,0,0
J0P,DBXT MSWorld US$,D,20100203,2.6800,2.6800,2.6800,2.6800,0,0
J0P,DBXT MSWorld US$,D,20100204,2.7300,2.7300,2.7290,2.7290,730,0
J0P,DBXT MSWorld US$,D,20100205,2.7300,2.7300,2.7300,2.7300,0,0
J0P,DBXT MSWorld US$,D,20100208,2.7300,2.7300,2.7300,2.7300,0,0
J0P,DBXT MSWorld US$,D,20100209,2.7300,2.7300,2.7300,2.7300,0,0
J0P,DBXT MSWorld US$,D,20100210,2.7300,2.7300,2.7300,2.7300,0,0
J0P,DBXT MSWorld US$,D,20100211,2.7300,2.7300,2.7300,2.7300,0,0
J0P,DBXT MSWorld US$,D,20100212,2.7300,2.7300,2.7300,2.7300,0,0
J0P,DBXT MSWorld US$,D,20100217,2.7300,2.7300,2.7300,2.7300,0,0
J0P,DBXT MSWorld US$,D,20100218,2.7300,2.7300,2.7300,2.7300,0,0
J0P,DBXT MSWorld US$,D,20100219,2.7300,2.7300,2.7300,2.7300,0,0
J0P,DBXT MSWorld US$,D,20100222,2.7300,2.7300,2.7300,2.7300,0,0
J0P,DBXT MSWorld US$,D,20100223,2.7300,2.7300,2.7300,2.7300,0,0
J0P,DBXT MSWorld US$,D,20100224,2.7300,2.7300,2.7300,2.7300,0,0
J0P,DBXT MSWorld US$,D,20100225,2.7300,2.7300,2.7300,2.7300,0,0
J0P,DBXT MSWorld US$,D,20100226,2.7200,2.7200,2.7200,2.7200,4000,0
J0P,DBXT MSWorld US$,D,20100301,2.7200,2.7200,2.7200,2.7200,0,0
J0P,DBXT MSWorld US$,D,20100302,2.7200,2.7200,2.7200,2.7200,0,0
J0P,DBXT MSWorld US$,D,20100303,2.7200,2.7200,2.7200,2.7200,0,0
J0P,DBXT MSWorld US$,D,20100304,2.7200,2.7200,2.7200,2.7200,0,0
J0P,DBXT MSWorld US$,D,20100305,2.7200,2.7200,2.7200,2.7200,0,0
J0P,DBXT MSWorld US$,D,20100308,2.7200,2.7200,2.7200,2.7200,0,0
J0P,DBXT MSWorld US$,D,20100309,2.7200,2.7200,2.7200,2.7200,0,0
J0P,DBXT MSWorld US$,D,20100310,2.8300,2.8300,2.8300,2.8300,10000,0
J0P,DBXT MSWorld US$,D,20100311,2.8300,2.8300,2.8300,2.8300,0,0
J0P,DBXT MSWorld US$,D,20100312,2.8300,2.8300,2.8300,2.8300,0,0
J0P,DBXT MSWorld US$,D,20100315,2.8600,2.8600,2.8600,2.8600,1830,0
J0P,DBXT MSWorld US$,D,20100316,2.8600,2.8600,2.8600,2.8600,0,0
J0P,DBXT MSWorld US$,D,20100317,2.8600,2.8600,2.8600,2.8600,0,0
J0P,DBXT MSWorld US$,D,20100318,2.8600,2.8600,2.8600,2.8600,0,0
J0P,DBXT MSWorld US$,D,20100319,2.8600,2.8600,2.8600,2.8600,0,0
J0P,DBXT MSWorld US$,D,20100322,2.8600,2.8600,2.8600,2.8600,0,0
J0P,DBXT MSWorld US$,D,20100323,2.8600,2.8600,2.8600,2.8600,0,0
J0P,DBXT MSWorld US$,D,20100324,2.8600,2.8600,2.8600,2.8600,0,0
J0P,DBXT MSWorld US$,D,20100325,2.8600,2.8600,2.8600,2.8600,0,0
J0P,DBXT MSWorld US$,D,20100326,2.8600,2.8600,2.8600,2.8600,0,0
J0P,DBXT MSWorld US$,D,20100329,2.8600,2.8600,2.8600,2.8600,0,0
J0P,DBXT MSWorld US$,D,20100330,2.8600,2.8600,2.8600,2.8600,0,0
J0P,DBXT MSWorld US$,D,20100331,2.8600,2.8600,2.8600,2.8600,0,0
J0P,DBXT MSWorld US$,D,20100401,2.8600,2.8600,2.8600,2.8600,0,0
J0P,DBXT MSWorld US$,D,20100405,2.8600,2.8600,2.8600,2.8600,0,0
J0P,DBXT MSWorld US$,D,20100406,2.9400,2.9400,2.9400,2.9400,550,0
J0P,DBXT MSWorld US$,D,20100407,2.9400,2.9400,2.9200,2.9400,134550,0
J0P,DBXT MSWorld US$,D,20100408,2.9100,2.9100,2.9100,2.9100,520,0
J0P,DBXT MSWorld US$,D,20100409,2.9400,2.9500,2.9400,2.9500,5420,0
J0P,DBXT MSWorld US$,D,20100412,2.9500,2.9500,2.9500,2.9500,0,0
J0P,DBXT MSWorld US$,D,20100413,2.9500,2.9500,2.9500,2.9500,0,0
J0P,DBXT MSWorld US$,D,20100414,2.9800,2.9800,2.9800,2.9800,2000,0
J0P,DBXT MSWorld US$,D,20100415,2.9800,2.9800,2.9800,2.9800,0,0
J0P,DBXT MSWorld US$,D,20100416,2.9800,2.9800,2.9800,2.9800,2500,0
J0P,DBXT MSWorld US$,D,20100419,2.9400,2.9400,2.9400,2.9400,3000,0
J0P,DBXT MSWorld US$,D,20100420,2.9400,2.9400,2.9400,2.9400,0,0
J0P,DBXT MSWorld US$,D,20100421,2.9400,2.9400,2.9400,2.9400,0,0
J0P,DBXT MSWorld US$,D,20100422,2.9400,2.9400,2.9400,2.9400,0,0
J0P,DBXT MSWorld US$,D,20100423,2.9400,2.9400,2.9400,2.9400,0,0
J0P,DBXT MSWorld US$,D,20100426,2.9400,2.9400,2.9400,2.9400,0,0
J0P,DBXT MSWorld US$,D,20100427,2.9400,2.9400,2.9400,2.9400,0,0
J0P,DBXT MSWorld US$,D,20100428,2.8700,2.8700,2.8700,2.8700,5000,0
J0P,DBXT MSWorld US$,D,20100429,2.8700,2.8700,2.8700,2.8700,0,0
J0P,DBXT MSWorld US$,D,20100430,2.8700,2.8700,2.8700,2.8700,0,0
J0P,DBXT MSWorld US$,D,20100503,2.8700,2.8700,2.8700,2.8700,0,0
J0P,DBXT MSWorld US$,D,20100504,2.8700,2.8700,2.8700,2.8700,0,0
J0P,DBXT MSWorld US$,D,20100505,2.8200,2.8200,2.8200,2.8200,5000,0
J0P,DBXT MSWorld US$,D,20100506,2.7700,2.7800,2.7700,2.7800,3500,0
J0P,DBXT MSWorld US$,D,20100507,2.7800,2.7800,2.7800,2.7800,0,0
J0P,DBXT MSWorld US$,D,20100510,2.7400,2.7400,2.7400,2.7400,2000,0
J0P,DBXT MSWorld US$,D,20100511,2.7400,2.7400,2.7400,2.7400,0,0
J0P,DBXT MSWorld US$,D,20100512,2.7400,2.7400,2.7400,2.7400,0,0
J0P,DBXT MSWorld US$,D,20100513,2.7400,2.7400,2.7400,2.7400,0,0
J0P,DBXT MSWorld US$,D,20100514,2.7400,2.7400,2.7400,2.7400,0,0
J0P,DBXT MSWorld US$,D,20100517,2.7000,2.7000,2.7000,2.7000,4010,0
J0P,DBXT MSWorld US$,D,20100518,2.7100,2.7100,2.7100,2.7100,5000,0
J0P,DBXT MSWorld US$,D,20100519,2.6500,2.6500,2.6500,2.6500,3000,0
J0P,DBXT MSWorld US$,D,20100520,2.6500,2.6500,2.6500,2.6500,0,0
J0P,DBXT MSWorld US$,D,20100521,2.5800,2.5800,2.5780,2.5780,410,0
J0P,DBXT MSWorld US$,D,20100524,2.5800,2.5800,2.5800,2.5800,8000,0
J0P,DBXT MSWorld US$,D,20100525,2.5200,2.5200,2.5200,2.5200,2500,0
J0P,DBXT MSWorld US$,D,20100526,2.5200,2.5200,2.5200,2.5200,0,0
J0P,DBXT MSWorld US$,D,20100527,2.5200,2.5200,2.5200,2.5200,0,0
J0P,DBXT MSWorld US$,D,20100531,2.5200,2.5200,2.5200,2.5200,0,0
J0P,DBXT MSWorld US$,D,20100601,2.5200,2.5200,2.5200,2.5200,0,0
J0P,DBXT MSWorld US$,D,20100602,2.5900,2.5900,2.5900,2.5900,2000,0
J0P,DBXT MSWorld US$,D,20100603,2.5900,2.5900,2.5900,2.5900,0,0
J0P,DBXT MSWorld US$,D,20100604,2.5900,2.5900,2.5900,2.5900,0,0
J0P,DBXT MSWorld US$,D,20100607,2.5200,2.5200,2.5200,2.5200,2000,0
J0P,DBXT MSWorld US$,D,20100608,2.5200,2.5200,2.5200,2.5200,0,0
J0P,DBXT MSWorld US$,D,20100609,2.5200,2.5200,2.5200,2.5200,0,0
J0P,DBXT MSWorld US$,D,20100610,2.5200,2.5200,2.5200,2.5200,0,0
J0P,DBXT MSWorld US$,D,20100611,2.5200,2.5200,2.5200,2.5200,0,0
J0P,DBXT MSWorld US$,D,20100614,2.5200,2.5200,2.5200,2.5200,0,0
J0P,DBXT MSWorld US$,D,20100615,2.6500,2.6500,2.6490,2.6490,670,0
J0P,DBXT MSWorld US$,D,20100616,2.6500,2.6500,2.6500,2.6500,0,0
J0P,DBXT MSWorld US$,D,20100617,2.6500,2.6500,2.6500,2.6500,0,0
J0P,DBXT MSWorld US$,D,20100618,2.6500,2.6500,2.6500,2.6500,0,0
J0P,DBXT MSWorld US$,D,20100621,2.7200,2.7300,2.7200,2.7300,130000,0
J0P,DBXT MSWorld US$,D,20100622,2.7300,2.7300,2.7300,2.7300,0,0
J0P,DBXT MSWorld US$,D,20100623,2.7300,2.7300,2.7300,2.7300,0,0
J0P,DBXT MSWorld US$,D,20100624,2.7300,2.7300,2.7300,2.7300,0,0
J0P,DBXT MSWorld US$,D,20100625,2.7300,2.7300,2.7300,2.7300,0,0
J0P,DBXT MSWorld US$,D,20100628,2.7300,2.7300,2.7300,2.7300,0,0
J0P,DBXT MSWorld US$,D,20100629,2.6300,2.6300,2.6300,2.6300,3000,0
J0P,DBXT MSWorld US$,D,20100630,2.5400,2.5500,2.5400,2.5500,7000,0
J0P,DBXT MSWorld US$,D,20100701,2.5200,2.5200,2.5200,2.5200,900,0
J0P,DBXT MSWorld US$,D,20100702,2.5200,2.5200,2.5200,2.5200,6000,0
J0P,DBXT MSWorld US$,D,20100705,2.5200,2.5200,2.5200,2.5200,0,0
J0P,DBXT MSWorld US$,D,20100706,2.5300,2.5300,2.5300,2.5300,2000,0
J0P,DBXT MSWorld US$,D,20100707,2.5300,2.5300,2.5300,2.5300,0,0
J0P,DBXT MSWorld US$,D,20100708,2.5300,2.5300,2.5300,2.5300,0,0
J0P,DBXT MSWorld US$,D,20100709,2.5300,2.5300,2.5300,2.5300,0,0
J0P,DBXT MSWorld US$,D,20100712,2.5300,2.5300,2.5300,2.5300,0,0
J0P,DBXT MSWorld US$,D,20100713,2.5300,2.5300,2.5300,2.5300,0,0
J0P,DBXT MSWorld US$,D,20100714,2.5300,2.5300,2.5300,2.5300,0,0
J0P,DBXT MSWorld US$,D,20100715,2.5300,2.5300,2.5300,2.5300,0,0
J0P,DBXT MSWorld US$,D,20100716,2.7100,2.7100,2.7100,2.7100,1000,0
J0P,DBXT MSWorld US$,D,20100719,2.7100,2.7100,2.7100,2.7100,0,0
J0P,DBXT MSWorld US$,D,20100720,2.7100,2.7100,2.7100,2.7100,0,0
J0P,DBXT MSWorld US$,D,20100721,2.7100,2.7100,2.7100,2.7100,0,0
J0P,DBXT MSWorld US$,D,20100722,2.5000,2.5000,2.5000,2.5000,1000,0
J0P,DBXT MSWorld US$,D,20100723,2.5000,2.5000,2.5000,2.5000,0,0
J0P,DBXT MSWorld US$,D,20100726,2.7300,2.7300,2.7290,2.7290,750,0
J0P,DBXT MSWorld US$,D,20100727,2.7300,2.7300,2.7300,2.7300,0,0
J0P,DBXT MSWorld US$,D,20100728,2.7300,2.7300,2.7300,2.7300,0,0
J0P,DBXT MSWorld US$,D,20100729,2.7300,2.7300,2.7300,2.7300,0,0
J0P,DBXT MSWorld US$,D,20100730,2.7300,2.7300,2.7300,2.7300,131000,0
J0P,DBXT MSWorld US$,D,20100802,2.7500,2.7500,2.7500,2.7500,200000,0
J0P,DBXT MSWorld US$,D,20100803,2.7500,2.7500,2.7500,2.7500,0,0
J0P,DBXT MSWorld US$,D,20100804,2.7500,2.7500,2.7500,2.7500,0,0
J0P,DBXT MSWorld US$,D,20100805,2.7500,2.7500,2.7500,2.7500,0,0
J0P,DBXT MSWorld US$,D,20100806,2.7500,2.7500,2.7500,2.7500,0,0
J0P,DBXT MSWorld US$,D,20100810,2.8000,2.8000,2.8000,2.8000,135000,0
J0P,DBXT MSWorld US$,D,20100811,2.7800,2.7800,2.7800,2.7800,65000,0
J0P,DBXT MSWorld US$,D,20100812,2.7800,2.7800,2.7800,2.7800,0,0
J0P,DBXT MSWorld US$,D,20100813,2.7800,2.7800,2.7800,2.7800,0,0
J0P,DBXT MSWorld US$,D,20100816,2.7800,2.7800,2.7800,2.7800,0,0
J0P,DBXT MSWorld US$,D,20100817,2.7800,2.7800,2.7800,2.7800,0,0
J0P,DBXT MSWorld US$,D,20100818,2.7800,2.7800,2.7800,2.7800,0,0
J0P,DBXT MSWorld US$,D,20100819,2.7800,2.7800,2.7800,2.7800,0,0
J0P,DBXT MSWorld US$,D,20100820,2.7800,2.7800,2.7800,2.7800,0,0
J0P,DBXT MSWorld US$,D,20100823,2.7800,2.7800,2.7800,2.7800,0,0
J0P,DBXT MSWorld US$,D,20100824,2.7800,2.7800,2.7800,2.7800,0,0
J0P,DBXT MSWorld US$,D,20100825,2.7800,2.7800,2.7800,2.7800,0,0
J0P,DBXT MSWorld US$,D,20100826,2.7800,2.7800,2.7800,2.7800,0,0
J0P,DBXT MSWorld US$,D,20100827,2.7800,2.7800,2.7800,2.7800,0,0
J0P,DBXT MSWorld US$,D,20100830,2.6600,2.6700,2.6600,2.6700,130000,0
J0P,DBXT MSWorld US$,D,20100831,2.6700,2.6700,2.6700,2.6700,0,0
J0P,DBXT MSWorld US$,D,20100901,2.6700,2.6700,2.6700,2.6700,0,0
J0P,DBXT MSWorld US$,D,20100902,2.6700,2.6700,2.6700,2.6700,0,0
J0P,DBXT MSWorld US$,D,20100903,2.6700,2.6700,2.6700,2.6700,0,0
J0P,DBXT MSWorld US$,D,20100906,2.6700,2.6700,2.6700,2.6700,0,0
J0P,DBXT MSWorld US$,D,20100907,2.7200,2.7200,2.7200,2.7200,195000,0
J0P,DBXT MSWorld US$,D,20100908,2.7300,2.7300,2.7300,2.7300,5910,0
J0P,DBXT MSWorld US$,D,20100909,2.7300,2.7300,2.7300,2.7300,0,0
J0P,DBXT MSWorld US$,D,20100913,2.7300,2.7300,2.7300,2.7300,0,0
J0P,DBXT MSWorld US$,D,20100914,2.7300,2.7300,2.7300,2.7300,0,0
J0P,DBXT MSWorld US$,D,20100915,2.7300,2.7300,2.7300,2.7300,0,0
J0P,DBXT MSWorld US$,D,20100916,2.7300,2.7300,2.7300,2.7300,0,0
J0P,DBXT MSWorld US$,D,20100917,2.7300,2.7300,2.7300,2.7300,0,0
J0P,DBXT MSWorld US$,D,20100920,2.7300,2.7300,2.7300,2.7300,0,0
J0P,DBXT MSWorld US$,D,20100921,2.7300,2.7300,2.7300,2.7300,0,0
J0P,DBXT MSWorld US$,D,20100922,2.7300,2.7300,2.7300,2.7300,0,0
J0P,DBXT MSWorld US$,D,20100923,2.7300,2.7300,2.7300,2.7300,0,0
J0P,DBXT MSWorld US$,D,20100924,2.7300,2.7300,2.7300,2.7300,0,0
J0P,DBXT MSWorld US$,D,20100927,2.7300,2.7300,2.7300,2.7300,0,0
J0P,DBXT MSWorld US$,D,20100928,2.7300,2.7300,2.7300,2.7300,0,0
J0P,DBXT MSWorld US$,D,20100929,2.7300,2.7300,2.7300,2.7300,0,0
J0P,DBXT MSWorld US$,D,20100930,2.7300,2.7300,2.7300,2.7300,0,0
J0P,DBXT MSWorld US$,D,20101001,2.7300,2.7300,2.7300,2.7300,0,0
J0P,DBXT MSWorld US$,D,20101004,2.7300,2.7300,2.7300,2.7300,0,0
J0P,DBXT MSWorld US$,D,20101005,2.8700,2.8700,2.8700,2.8700,3500,0
J0P,DBXT MSWorld US$,D,20101006,2.9300,2.9300,2.9300,2.9300,65000,0
J0P,DBXT MSWorld US$,D,20101007,2.9300,2.9300,2.9300,2.9300,0,0
J0P,DBXT MSWorld US$,D,20101008,2.9500,2.9500,2.9200,2.9200,70820,0
J0P,DBXT MSWorld US$,D,20101011,2.9600,2.9600,2.9400,2.9400,195000,0
J0P,DBXT MSWorld US$,D,20101012,2.9400,2.9400,2.9400,2.9400,0,0
J0P,DBXT MSWorld US$,D,20101013,2.9400,2.9400,2.9400,2.9400,0,0
J0P,DBXT MSWorld US$,D,20101014,2.9400,2.9400,2.9400,2.9400,0,0
J0P,DBXT MSWorld US$,D,20101015,2.9400,2.9400,2.9400,2.9400,0,0
J0P,DBXT MSWorld US$,D,20101018,2.9400,2.9400,2.9400,2.9400,0,0
J0P,DBXT MSWorld US$,D,20101019,2.9400,2.9400,2.9400,2.9400,0,0
J0P,DBXT MSWorld US$,D,20101020,2.9400,2.9400,2.9400,2.9400,0,0
J0P,DBXT MSWorld US$,D,20101021,2.9400,2.9400,2.9400,2.9400,0,0
J0P,DBXT MSWorld US$,D,20101022,2.9400,2.9400,2.9400,2.9400,0,0
J0P,DBXT MSWorld US$,D,20101025,2.9400,2.9400,2.9400,2.9400,0,0
J0P,DBXT MSWorld US$,D,20101026,2.9400,2.9400,2.9400,2.9400,0,0
J0P,DBXT MSWorld US$,D,20101027,2.9400,2.9400,2.9400,2.9400,0,0
J0P,DBXT MSWorld US$,D,20101028,2.9400,2.9400,2.9400,2.9400,0,0
J0P,DBXT MSWorld US$,D,20101029,2.9400,2.9400,2.9400,2.9400,0,0
J0P,DBXT MSWorld US$,D,20101101,2.9400,2.9400,2.9400,2.9400,0,0
J0P,DBXT MSWorld US$,D,20101102,2.9400,2.9400,2.9400,2.9400,0,0
J0P,DBXT MSWorld US$,D,20101103,2.9400,2.9400,2.9400,2.9400,0,0
J0P,DBXT MSWorld US$,D,20101104,2.9400,2.9400,2.9400,2.9400,0,0
J0P,DBXT MSWorld US$,D,20101108,2.9400,2.9400,2.9400,2.9400,0,0
J0P,DBXT MSWorld US$,D,20101109,2.9400,2.9400,2.9400,2.9400,0,0
J0P,DBXT MSWorld US$,D,20101110,2.9400,2.9400,2.9400,2.9400,0,0
J0P,DBXT MSWorld US$,D,20101111,3.0600,3.0600,3.0600,3.0600,3500,0
J0P,DBXT MSWorld US$,D,20101112,3.0600,3.0600,3.0600,3.0600,0,0
J0P,DBXT MSWorld US$,D,20101115,3.0200,3.0200,3.0200,3.0200,4000,0
J0P,DBXT MSWorld US$,D,20101116,3.0200,3.0200,3.0200,3.0200,0,0
J0P,DBXT MSWorld US$,D,20101118,3.0200,3.0200,3.0200,3.0200,0,0
J0P,DBXT MSWorld US$,D,20101119,3.0200,3.0200,3.0200,3.0200,0,0
J0P,DBXT MSWorld US$,D,20101122,3.0200,3.0200,3.0200,3.0200,0,0
J0P,DBXT MSWorld US$,D,20101123,3.0200,3.0200,3.0200,3.0200,0,0
J0P,DBXT MSWorld US$,D,20101124,3.0000,3.0000,2.9900,2.9900,130000,0
J0P,DBXT MSWorld US$,D,20101125,2.9900,2.9900,2.9900,2.9900,0,0
J0P,DBXT MSWorld US$,D,20101126,2.9900,2.9900,2.9900,2.9900,0,0
J0P,DBXT MSWorld US$,D,20101129,2.9500,2.9500,2.9500,2.9500,24000,0
J0P,DBXT MSWorld US$,D,20101130,2.9300,2.9300,2.9290,2.9290,520,0
J0P,DBXT MSWorld US$,D,20101201,2.9300,2.9300,2.9300,2.9300,0,0
J0P,DBXT MSWorld US$,D,20101202,2.9300,2.9300,2.9300,2.9300,0,0
J0P,DBXT MSWorld US$,D,20101203,2.9300,2.9300,2.9300,2.9300,0,0
J0P,DBXT MSWorld US$,D,20101206,2.9300,2.9300,2.9300,2.9300,0,0
J0P,DBXT MSWorld US$,D,20101207,2.9300,2.9300,2.9300,2.9300,0,0
J0P,DBXT MSWorld US$,D,20101208,2.9300,2.9300,2.9300,2.9300,0,0
J0P,DBXT MSWorld US$,D,20101209,2.9300,2.9300,2.9300,2.9300,0,0
J0P,DBXT MSWorld US$,D,20101210,2.9300,2.9300,2.9300,2.9300,0,0
J0P,DBXT MSWorld US$,D,20101213,3.0800,3.0800,3.0800,3.0800,700,0
J0P,DBXT MSWorld US$,D,20101214,3.0800,3.0800,3.0800,3.0800,0,0
J0P,DBXT MSWorld US$,D,20101215,3.0800,3.0800,3.0800,3.0800,0,0
J0P,DBXT MSWorld US$,D,20101216,3.0800,3.0800,3.0800,3.0800,0,0
J0P,DBXT MSWorld US$,D,20101217,3.0800,3.0800,3.0800,3.0800,0,0
J0P,DBXT MSWorld US$,D,20101220,3.0600,3.0600,3.0600,3.0600,35000,0
J0P,DBXT MSWorld US$,D,20101221,3.0600,3.0600,3.0600,3.0600,0,0
J0P,DBXT MSWorld US$,D,20101222,3.0600,3.0600,3.0600,3.0600,0,0
J0P,DBXT MSWorld US$,D,20101223,3.0600,3.0600,3.0600,3.0600,0,0
J0P,DBXT MSWorld US$,D,20101224,3.0600,3.0600,3.0600,3.0600,0,0
J0P,DBXT MSWorld US$,D,20101227,3.0600,3.0600,3.0600,3.0600,0,0
J0P,DBXT MSWorld US$,D,20101228,3.0600,3.0600,3.0600,3.0600,0,0
J0P,DBXT MSWorld US$,D,20101229,3.0600,3.0600,3.0600,3.0600,0,0
J0P,DBXT MSWorld US$,D,20101230,3.1200,3.1200,3.1200,3.1200,5000,0
J0P,DBXT MSWorld US$,D,20101231,3.1200,3.1200,3.1200,3.1200,0,0
J0P,DBXT MSWorld US$,D,20110103,3.1300,3.1300,3.1300,3.1300,50000,0
J0P,DBXT MSWorld US$,D,20110104,3.1300,3.1300,3.1300,3.1300,0,0
J0P,DBXT MSWorld US$,D,20110105,3.1300,3.1300,3.1300,3.1300,2000,0
J0P,DBXT MSWorld US$,D,20110106,3.1300,3.1300,3.1300,3.1300,0,0
J0P,DBXT MSWorld US$,D,20110107,3.1300,3.1300,3.1300,3.1300,0,0
J0P,DBXT MSWorld US$,D,20110110,3.1200,3.1200,3.1200,3.1200,3440,0
J0P,DBXT MSWorld US$,D,20110111,3.1200,3.1200,3.1200,3.1200,0,0
J0P,DBXT MSWorld US$,D,20110112,3.1200,3.1200,3.1200,3.1200,0,0
J0P,DBXT MSWorld US$,D,20110113,3.1200,3.1200,3.1200,3.1200,0,0
J0P,DBXT MSWorld US$,D,20110114,3.1800,3.1800,3.1800,3.1800,5000,0
J0P,DBXT MSWorld US$,D,20110117,3.1800,3.1800,3.1800,3.1800,0,0
J0P,DBXT MSWorld US$,D,20110118,3.1800,3.1800,3.1800,3.1800,0,0
J0P,DBXT MSWorld US$,D,20110119,3.1800,3.1800,3.1800,3.1800,0,0
J0P,DBXT MSWorld US$,D,20110120,3.1800,3.1800,3.1800,3.1800,0,0
J0P,DBXT MSWorld US$,D,20110121,3.1800,3.1800,3.1800,3.1800,0,0
J0P,DBXT MSWorld US$,D,20110124,3.1800,3.1800,3.1800,3.1800,100000,0
J0P,DBXT MSWorld US$,D,20110125,3.1800,3.1800,3.1800,3.1800,0,0
J0P,DBXT MSWorld US$,D,20110126,3.1800,3.1800,3.1800,3.1800,0,0
J0P,DBXT MSWorld US$,D,20110127,3.1800,3.1800,3.1800,3.1800,0,0
J0P,DBXT MSWorld US$,D,20110128,3.1800,3.1800,3.1800,3.1800,0,0
J0P,DBXT MSWorld US$,D,20110131,3.1700,3.1700,3.1700,3.1700,1690,0
J0P,DBXT MSWorld US$,D,20110201,3.1700,3.1700,3.1700,3.1700,0,0
J0P,DBXT MSWorld US$,D,20110202,3.1700,3.1700,3.1700,3.1700,0,0
J0P,DBXT MSWorld US$,D,20110207,3.2600,3.2600,3.2600,3.2600,720,0
J0P,DBXT MSWorld US$,D,20110208,3.2600,3.2600,3.2600,3.2600,0,0
J0P,DBXT MSWorld US$,D,20110209,3.2600,3.2600,3.2600,3.2600,0,0
J0P,DBXT MSWorld US$,D,20110210,3.2600,3.2600,3.2600,3.2600,0,0
J0P,DBXT MSWorld US$,D,20110211,3.2600,3.2600,3.2600,3.2600,0,0
J0P,DBXT MSWorld US$,D,20110214,3.2900,3.2900,3.2900,3.2900,2000,0
J0P,DBXT MSWorld US$,D,20110215,3.2900,3.2900,3.2900,3.2900,0,0
J0P,DBXT MSWorld US$,D,20110216,3.2900,3.2900,3.2900,3.2900,0,0
J0P,DBXT MSWorld US$,D,20110217,3.2900,3.2900,3.2900,3.2900,0,0
J0P,DBXT MSWorld US$,D,20110218,3.2900,3.2900,3.2900,3.2900,0,0
J0P,DBXT MSWorld US$,D,20110221,3.3400,3.3400,3.3400,3.3400,900,0
J0P,DBXT MSWorld US$,D,20110222,3.2900,3.2900,3.2800,3.2800,12000,0
J0P,DBXT MSWorld US$,D,20110223,3.2800,3.2800,3.2800,3.2800,0,0
J0P,DBXT MSWorld US$,D,20110224,3.2800,3.2800,3.2800,3.2800,0,0
J0P,DBXT MSWorld US$,D,20110225,3.2800,3.2800,3.2800,3.2800,0,0
J0P,DBXT MSWorld US$,D,20110228,3.2800,3.2800,3.2800,3.2800,0,0
J0P,DBXT MSWorld US$,D,20110301,3.3000,3.3000,3.3000,3.3000,4000,0
J0P,DBXT MSWorld US$,D,20110302,3.2400,3.2400,3.2400,3.2400,50950,0
J0P,DBXT MSWorld US$,D,20110303,3.2400,3.2400,3.2400,3.2400,0,0
J0P,DBXT MSWorld US$,D,20110304,3.3200,3.3200,3.3200,3.3200,1000,0
J0P,DBXT MSWorld US$,D,20110307,3.3200,3.3200,3.3200,3.3200,0,0
J0P,DBXT MSWorld US$,D,20110308,3.2700,3.2700,3.2680,3.2680,470,0
J0P,DBXT MSWorld US$,D,20110309,3.2700,3.2700,3.2700,3.2700,0,0
J0P,DBXT MSWorld US$,D,20110310,3.2700,3.2700,3.2700,3.2700,0,0
J0P,DBXT MSWorld US$,D,20110311,3.2700,3.2700,3.2700,3.2700,0,0
J0P,DBXT MSWorld US$,D,20110314,3.2700,3.2700,3.2700,3.2700,0,0
J0P,DBXT MSWorld US$,D,20110315,3.2700,3.2700,3.2700,3.2700,0,0
J0P,DBXT MSWorld US$,D,20110316,3.1300,3.1400,3.1300,3.1400,25210,0
J0P,DBXT MSWorld US$,D,20110317,3.1000,3.1000,3.1000,3.1000,50000,0
J0P,DBXT MSWorld US$,D,20110318,3.1000,3.1000,3.1000,3.1000,0,0
J0P,DBXT MSWorld US$,D,20110321,3.1000,3.1000,3.1000,3.1000,0,0
J0P,DBXT MSWorld US$,D,20110322,3.1000,3.1000,3.1000,3.1000,0,0
J0P,DBXT MSWorld US$,D,20110323,3.1000,3.1000,3.1000,3.1000,0,0
J0P,DBXT MSWorld US$,D,20110324,3.1000,3.1000,3.1000,3.1000,0,0
J0P,DBXT MSWorld US$,D,20110325,3.1000,3.1000,3.1000,3.1000,0,0
J0P,DBXT MSWorld US$,D,20110328,3.1000,3.1000,3.1000,3.1000,0,0
J0P,DBXT MSWorld US$,D,20110329,3.1000,3.1000,3.1000,3.1000,0,0
J0P,DBXT MSWorld US$,D,20110330,3.1000,3.1000,3.1000,3.1000,0,0
J0P,DBXT MSWorld US$,D,20110331,3.1000,3.1000,3.1000,3.1000,0,0
J0P,DBXT MSWorld US$,D,20110401,3.1000,3.1000,3.1000,3.1000,0,0
J0P,DBXT MSWorld US$,D,20110404,3.2700,3.2700,3.2700,3.2700,23500,0
J0P,DBXT MSWorld US$,D,20110405,3.2700,3.2700,3.2700,3.2700,0,0
J0P,DBXT MSWorld US$,D,20110406,3.2700,3.2700,3.2700,3.2700,0,0
J0P,DBXT MSWorld US$,D,20110407,3.2700,3.2700,3.2700,3.2700,0,0
J0P,DBXT MSWorld US$,D,20110408,3.2700,3.2700,3.2700,3.2700,0,0
J0P,DBXT MSWorld US$,D,20110411,3.3100,3.3100,3.3100,3.3100,900,0
J0P,DBXT MSWorld US$,D,20110412,3.2800,3.2800,3.2800,3.2800,1640,0
J0P,DBXT MSWorld US$,D,20110413,3.2800,3.2800,3.2800,3.2800,0,0
J0P,DBXT MSWorld US$,D,20110414,3.2800,3.2800,3.2800,3.2800,0,0
J0P,DBXT MSWorld US$,D,20110415,3.2800,3.2800,3.2800,3.2800,0,0
J0P,DBXT MSWorld US$,D,20110418,3.2900,3.3200,3.2900,3.3100,61000,0
J0P,DBXT MSWorld US$,D,20110419,3.3100,3.3100,3.3100,3.3100,0,0
J0P,DBXT MSWorld US$,D,20110420,3.3100,3.3100,3.3100,3.3100,0,0
J0P,DBXT MSWorld US$,D,20110421,3.3100,3.3100,3.3100,3.3100,0,0
J0P,DBXT MSWorld US$,D,20110425,3.3100,3.3100,3.3100,3.3100,0,0
J0P,DBXT MSWorld US$,D,20110426,3.3100,3.3100,3.3100,3.3100,0,0
J0P,DBXT MSWorld US$,D,20110427,3.3500,3.3500,3.3500,3.3500,2000,0
J0P,DBXT MSWorld US$,D,20110428,3.3500,3.3500,3.3500,3.3500,0,0
J0P,DBXT MSWorld US$,D,20110429,3.3500,3.3500,3.3500,3.3500,0,0
J0P,DBXT MSWorld US$,D,20110503,3.3500,3.3500,3.3500,3.3500,0,0
J0P,DBXT MSWorld US$,D,20110504,3.3500,3.3500,3.3500,3.3500,0,0
J0P,DBXT MSWorld US$,D,20110505,3.3500,3.3500,3.3500,3.3500,0,0
J0P,DBXT MSWorld US$,D,20110506,3.3500,3.3500,3.3500,3.3500,0,0
J0P,DBXT MSWorld US$,D,20110509,3.3500,3.3500,3.3500,3.3500,0,0
J0P,DBXT MSWorld US$,D,20110510,3.3500,3.3500,3.3500,3.3500,1600,0
J0P,DBXT MSWorld US$,D,20110511,3.3500,3.3500,3.3500,3.3500,0,0
J0P,DBXT MSWorld US$,D,20110512,3.3500,3.3500,3.3500,3.3500,0,0
J0P,DBXT MSWorld US$,D,20110513,3.3200,3.3200,3.3200,3.3200,1500,0
J0P,DBXT MSWorld US$,D,20110516,3.2800,3.2800,3.2790,3.2790,730,0
J0P,DBXT MSWorld US$,D,20110518,3.2800,3.2800,3.2800,3.2800,0,0
J0P,DBXT MSWorld US$,D,20110519,3.2800,3.2800,3.2800,3.2800,0,0
J0P,DBXT MSWorld US$,D,20110520,3.2800,3.2800,3.2800,3.2800,0,0
J0P,DBXT MSWorld US$,D,20110523,3.2500,3.2500,3.2500,3.2500,3000,0
J0P,DBXT MSWorld US$,D,20110524,3.2500,3.2500,3.2500,3.2500,0,0
J0P,DBXT MSWorld US$,D,20110525,3.2500,3.2500,3.2500,3.2500,0,0
J0P,DBXT MSWorld US$,D,20110526,3.2500,3.2500,3.2500,3.2500,0,0
J0P,DBXT MSWorld US$,D,20110527,3.2900,3.2900,3.2890,3.2890,550,0
J0P,DBXT MSWorld US$,D,20110530,3.2900,3.2900,3.2900,3.2900,0,0
J0P,DBXT MSWorld US$,D,20110531,3.2900,3.2900,3.2900,3.2900,0,0
J0P,DBXT MSWorld US$,D,20110601,3.3400,3.3400,3.3400,3.3400,5000,0
J0P,DBXT MSWorld US$,D,20110602,3.3400,3.3400,3.3400,3.3400,0,0
J0P,DBXT MSWorld US$,D,20110603,3.3400,3.3400,3.3400,3.3400,0,0
J0P,DBXT MSWorld US$,D,20110606,3.3400,3.3400,3.3400,3.3400,0,0
J0P,DBXT MSWorld US$,D,20110607,3.3400,3.3400,3.3400,3.3400,0,0
J0P,DBXT MSWorld US$,D,20110608,3.2200,3.2200,3.2200,3.2200,5000,0
J0P,DBXT MSWorld US$,D,20110609,3.2200,3.2200,3.2200,3.2200,0,0
J0P,DBXT MSWorld US$,D,20110610,3.2200,3.2200,3.2200,3.2200,0,0
J0P,DBXT MSWorld US$,D,20110613,3.2200,3.2200,3.2200,3.2200,0,0
J0P,DBXT MSWorld US$,D,20110614,3.2200,3.2200,3.2200,3.2200,0,0
J0P,DBXT MSWorld US$,D,20110615,3.2200,3.2200,3.2200,3.2200,0,0
J0P,DBXT MSWorld US$,D,20110616,3.2200,3.2200,3.2200,3.2200,0,0
J0P,DBXT MSWorld US$,D,20110617,3.2200,3.2200,3.2200,3.2200,0,0
J0P,DBXT MSWorld US$,D,20110620,3.2200,3.2200,3.2200,3.2200,0,0
J0P,DBXT MSWorld US$,D,20110621,3.1700,3.1700,3.1700,3.1700,6010,0
J0P,DBXT MSWorld US$,D,20110622,3.1700,3.1700,3.1700,3.1700,0,0
J0P,DBXT MSWorld US$,D,20110623,3.1700,3.1700,3.1700,3.1700,20000,0
J0P,DBXT MSWorld US$,D,20110624,3.1900,3.1900,3.1900,3.1900,5000,0
J0P,DBXT MSWorld US$,D,20110627,3.1300,3.1300,3.1300,3.1300,5000,0
J0P,DBXT MSWorld US$,D,20110628,3.1300,3.1300,3.1300,3.1300,0,0
J0P,DBXT MSWorld US$,D,20110629,3.1300,3.1300,3.1300,3.1300,0,0
J0P,DBXT MSWorld US$,D,20110630,3.1300,3.1300,3.1300,3.1300,0,0
J0P,DBXT MSWorld US$,D,20110701,3.2800,3.2800,3.2800,3.2800,20000,0
J0P,DBXT MSWorld US$,D,20110704,3.3200,3.3200,3.3200,3.3200,40000,0
J0P,DBXT MSWorld US$,D,20110705,3.3200,3.3200,3.3200,3.3200,0,0
J0P,DBXT MSWorld US$,D,20110706,3.3200,3.3200,3.3200,3.3200,0,0
J0P,DBXT MSWorld US$,D,20110707,3.3200,3.3200,3.3200,3.3200,1220,0
J0P,DBXT MSWorld US$,D,20110708,3.3200,3.3200,3.3200,3.3200,0,0
J0P,DBXT MSWorld US$,D,20110711,3.3000,3.3000,3.3000,3.3000,1630,0
J0P,DBXT MSWorld US$,D,20110712,3.2200,3.2200,3.2200,3.2200,65000,0
J0P,DBXT MSWorld US$,D,20110713,3.2200,3.2200,3.2200,3.2200,0,0
J0P,DBXT MSWorld US$,D,20110714,3.2200,3.2200,3.2200,3.2200,0,0
J0P,DBXT MSWorld US$,D,20110715,3.2200,3.2200,3.2200,3.2200,0,0
J0P,DBXT MSWorld US$,D,20110718,3.2200,3.2200,3.2200,3.2200,0,0
J0P,DBXT MSWorld US$,D,20110719,3.2100,3.2100,3.2100,3.2100,100,0
J0P,DBXT MSWorld US$,D,20110720,3.2100,3.2100,3.2100,3.2100,0,0
J0P,DBXT MSWorld US$,D,20110721,3.2100,3.2100,3.2100,3.2100,0,0
J0P,DBXT MSWorld US$,D,20110722,3.2100,3.2100,3.2100,3.2100,0,0
J0P,DBXT MSWorld US$,D,20110725,3.3000,3.3000,3.2800,3.2800,67000,0
J0P,DBXT MSWorld US$,D,20110726,3.3000,3.3000,3.3000,3.3000,20000,0
J0P,DBXT MSWorld US$,D,20110727,3.3000,3.3100,3.3000,3.3100,60000,0
J0P,DBXT MSWorld US$,D,20110728,3.3100,3.3100,3.3100,3.3100,0,0
J0P,DBXT MSWorld US$,D,20110729,3.3100,3.3100,3.3100,3.3100,0,0
J0P,DBXT MSWorld US$,D,20110801,3.2700,3.2700,3.2500,3.2500,7600,0
J0P,DBXT MSWorld US$,D,20110802,3.2500,3.2500,3.2500,3.2500,0,0
J0P,DBXT MSWorld US$,D,20110803,3.0900,3.0900,3.0800,3.0900,22590,0
J0P,DBXT MSWorld US$,D,20110804,3.1100,3.1100,3.1100,3.1100,1700,0
J0P,DBXT MSWorld US$,D,20110805,3.0500,3.0500,2.9400,2.9400,37100,0
J0P,DBXT MSWorld US$,D,20110808,2.9400,2.9400,2.9400,2.9400,2000,0
J0P,DBXT MSWorld US$,D,20110810,2.9100,2.9100,2.9100,2.9100,1850,0
J0P,DBXT MSWorld US$,D,20110811,2.9100,2.9100,2.9100,2.9100,0,0
J0P,DBXT MSWorld US$,D,20110812,2.9100,2.9100,2.8800,2.8800,5440,0
J0P,DBXT MSWorld US$,D,20110815,2.9500,2.9500,2.9500,2.9500,4240,0
J0P,DBXT MSWorld US$,D,20110816,2.9700,2.9700,2.9300,2.9300,3110,0
J0P,DBXT MSWorld US$,D,20110817,2.9300,2.9300,2.9300,2.9300,0,0
J0P,DBXT MSWorld US$,D,20110818,2.9300,2.9300,2.9300,2.9300,0,0
J0P,DBXT MSWorld US$,D,20110819,2.9300,2.9300,2.9300,2.9300,0,0
J0P,DBXT MSWorld US$,D,20110822,2.9300,2.9300,2.9300,2.9300,0,0
J0P,DBXT MSWorld US$,D,20110823,2.9300,2.9300,2.9300,2.9300,0,0
J0P,DBXT MSWorld US$,D,20110824,2.9300,2.9300,2.9300,2.9300,0,0
J0P,DBXT MSWorld US$,D,20110825,2.9300,2.9300,2.9300,2.9300,0,0
J0P,DBXT MSWorld US$,D,20110826,2.8600,2.8600,2.8600,2.8600,40,0
J0P,DBXT MSWorld US$,D,20110829,2.9200,2.9200,2.9200,2.9200,12500,0
J0P,DBXT MSWorld US$,D,20110831,2.9200,2.9200,2.9200,2.9200,0,0
J0P,DBXT MSWorld US$,D,20110901,2.9200,2.9200,2.9200,2.9200,0,0
J0P,DBXT MSWorld US$,D,20110902,2.9200,2.9200,2.9200,2.9200,0,0
J0P,DBXT MSWorld US$,D,20110905,2.8600,2.8600,2.8600,2.8600,150,0
J0P,DBXT MSWorld US$,D,20110906,2.8100,2.8100,2.8100,2.8100,2900,0
J0P,DBXT MSWorld US$,D,20110907,2.8100,2.8100,2.8100,2.8100,0,0
J0P,DBXT MSWorld US$,D,20110908,2.8100,2.8100,2.8100,2.8100,0,0
J0P,DBXT MSWorld US$,D,20110909,2.8100,2.8100,2.8100,2.8100,0,0
J0P,DBXT MSWorld US$,D,20110912,2.7600,2.7600,2.7600,2.7600,3000,0
J0P,DBXT MSWorld US$,D,20110913,2.7600,2.7600,2.7600,2.7600,0,0
J0P,DBXT MSWorld US$,D,20110914,2.7800,2.8000,2.7800,2.8000,4110,0
J0P,DBXT MSWorld US$,D,20110915,2.8000,2.8000,2.8000,2.8000,0,0
J0P,DBXT MSWorld US$,D,20110916,2.8000,2.8000,2.8000,2.8000,0,0
J0P,DBXT MSWorld US$,D,20110919,2.8000,2.8000,2.8000,2.8000,0,0
J0P,DBXT MSWorld US$,D,20110920,2.8000,2.8000,2.8000,2.8000,0,0
J0P,DBXT MSWorld US$,D,20110921,2.8000,2.8000,2.8000,2.8000,0,0
J0P,DBXT MSWorld US$,D,20110922,2.8000,2.8000,2.8000,2.8000,0,0
J0P,DBXT MSWorld US$,D,20110923,2.8000,2.8000,2.8000,2.8000,0,0
J0P,DBXT MSWorld US$,D,20110926,2.7100,2.7100,2.6800,2.6800,41000,0
J0P,DBXT MSWorld US$,D,20110927,2.6800,2.6800,2.6800,2.6800,0,0
J0P,DBXT MSWorld US$,D,20110928,2.6800,2.6800,2.6800,2.6800,0,0
J0P,DBXT MSWorld US$,D,20110929,2.7700,2.7700,2.7700,2.7700,520,0
J0P,DBXT MSWorld US$,D,20110930,2.7700,2.7700,2.7700,2.7700,0,0
J0P,DBXT MSWorld US$,D,20111003,2.7700,2.7700,2.7700,2.7700,0,0
J0P,DBXT MSWorld US$,D,20111004,2.6200,2.6200,2.6200,2.6200,150,0
J0P,DBXT MSWorld US$,D,20111005,2.6200,2.6200,2.6200,2.6200,0,0
J0P,DBXT MSWorld US$,D,20111006,2.6200,2.6200,2.6200,2.6200,0,0
J0P,DBXT MSWorld US$,D,20111007,2.6200,2.6200,2.6200,2.6200,0,0
J0P,DBXT MSWorld US$,D,20111010,2.6200,2.6200,2.6200,2.6200,0,0
J0P,DBXT MSWorld US$,D,20111011,2.8800,2.8800,2.8800,2.8800,3740,0
J0P,DBXT MSWorld US$,D,20111012,2.8800,2.8800,2.8800,2.8800,0,0
J0P,DBXT MSWorld US$,D,20111013,2.8800,2.8800,2.8800,2.8800,0,0
J0P,DBXT MSWorld US$,D,20111014,2.9000,2.9000,2.8800,2.8800,61000,0
J0P,DBXT MSWorld US$,D,20111017,2.8800,2.8800,2.8800,2.8800,0,0
J0P,DBXT MSWorld US$,D,20111018,2.9300,2.9300,2.9300,2.9300,110,0
J0P,DBXT MSWorld US$,D,20111019,2.9300,2.9300,2.9300,2.9300,0,0
J0P,DBXT MSWorld US$,D,20111020,2.9300,2.9300,2.9300,2.9300,0,0
J0P,DBXT MSWorld US$,D,20111021,2.9300,2.9300,2.9300,2.9300,0,0
J0P,DBXT MSWorld US$,D,20111024,2.9300,2.9300,2.9300,2.9300,0,0
J0P,DBXT MSWorld US$,D,20111025,2.9300,2.9300,2.9300,2.9300,0,0
J0P,DBXT MSWorld US$,D,20111027,2.9300,2.9300,2.9300,2.9300,0,0
J0P,DBXT MSWorld US$,D,20111028,2.9300,2.9300,2.9300,2.9300,0,0
J0P,DBXT MSWorld US$,D,20111031,3.0900,3.0900,3.0500,3.0500,1780,0
J0P,DBXT MSWorld US$,D,20111101,3.0500,3.0500,3.0500,3.0500,0,0
J0P,DBXT MSWorld US$,D,20111102,3.0500,3.0500,3.0500,3.0500,0,0
J0P,DBXT MSWorld US$,D,20111103,3.0500,3.0500,3.0500,3.0500,0,0
J0P,DBXT MSWorld US$,D,20111104,3.0500,3.0500,3.0500,3.0500,0,0
J0P,DBXT MSWorld US$,D,20111108,3.0500,3.0500,3.0500,3.0500,0,0
J0P,DBXT MSWorld US$,D,20111109,3.0500,3.0500,3.0500,3.0500,0,0
J0P,DBXT MSWorld US$,D,20111110,3.0500,3.0500,3.0500,3.0500,0,0
J0P,DBXT MSWorld US$,D,20111111,2.9600,2.9600,2.9600,2.9600,130,0
J0P,DBXT MSWorld US$,D,20111114,3.0100,3.0100,3.0100,3.0100,780,0
J0P,DBXT MSWorld US$,D,20111115,3.0100,3.0100,3.0100,3.0100,0,0
J0P,DBXT MSWorld US$,D,20111116,3.0400,3.0400,3.0400,3.0400,100,0
J0P,DBXT MSWorld US$,D,20111117,3.0400,3.0400,3.0400,3.0400,0,0
J0P,DBXT MSWorld US$,D,20111118,3.0400,3.0400,3.0400,3.0400,0,0
J0P,DBXT MSWorld US$,D,20111121,3.0400,3.0400,3.0400,3.0400,0,0
J0P,DBXT MSWorld US$,D,20111122,3.0400,3.0400,3.0400,3.0400,0,0
J0P,DBXT MSWorld US$,D,20111123,3.0400,3.0400,3.0400,3.0400,0,0
J0P,DBXT MSWorld US$,D,20111124,3.0400,3.0400,3.0400,3.0400,0,0
J0P,DBXT MSWorld US$,D,20111125,3.0400,3.0400,3.0400,3.0400,0,0
J0P,DBXT MSWorld US$,D,20111128,3.0400,3.0400,3.0400,3.0400,0,0
J0P,DBXT MSWorld US$,D,20111129,3.0400,3.0400,3.0400,3.0400,0,0
J0P,DBXT MSWorld US$,D,20111130,2.8100,2.8100,2.8100,2.8100,40,0
J0P,DBXT MSWorld US$,D,20111201,2.9500,2.9500,2.9400,2.9400,15550,0
J0P,DBXT MSWorld US$,D,20111202,2.9400,2.9400,2.9400,2.9400,0,0
J0P,DBXT MSWorld US$,D,20111205,2.9400,2.9400,2.9400,2.9400,0,0
J0P,DBXT MSWorld US$,D,20111206,2.9600,2.9600,2.9600,2.9600,140,0
J0P,DBXT MSWorld US$,D,20111207,2.9600,2.9600,2.9600,2.9600,0,0
J0P,DBXT MSWorld US$,D,20111208,2.9600,2.9600,2.9600,2.9600,0,0
J0P,DBXT MSWorld US$,D,20111209,2.9100,2.9100,2.9100,2.9100,20000,0
J0P,DBXT MSWorld US$,D,20111212,2.9500,2.9500,2.9500,2.9500,2500,0
J0P,DBXT MSWorld US$,D,20111213,2.9500,2.9500,2.9500,2.9500,0,0
J0P,DBXT MSWorld US$,D,20111214,2.8700,2.8900,2.8700,2.8900,60000,0
J0P,DBXT MSWorld US$,D,20111215,2.8900,2.8900,2.8900,2.8900,0,0
J0P,DBXT MSWorld US$,D,20111216,2.8900,2.8900,2.8900,2.8900,0,0
J0P,DBXT MSWorld US$,D,20111219,2.8400,2.8400,2.8400,2.8400,100,0
J0P,DBXT MSWorld US$,D,20111220,2.8400,2.8400,2.8400,2.8400,0,0
J0P,DBXT MSWorld US$,D,20111221,2.8400,2.8400,2.8400,2.8400,0,0
J0P,DBXT MSWorld US$,D,20111222,2.8400,2.8400,2.8400,2.8400,0,0
J0P,DBXT MSWorld US$,D,20111223,2.8400,2.8400,2.8400,2.8400,0,0
J0P,DBXT MSWorld US$,D,20111227,2.9600,2.9600,2.9600,2.9600,1810,0
J0P,DBXT MSWorld US$,D,20111228,2.9400,2.9400,2.9400,2.9400,40,0
J0P,DBXT MSWorld US$,D,20111229,2.9400,2.9400,2.9400,2.9400,0,0
J0P,DBXT MSWorld US$,D,20111230,2.9300,2.9300,2.9300,2.9300,1000,0
J0P,DBXT MSWorld US$,D,20120103,3.0400,3.0400,3.0400,3.0400,10000,0
J0P,DBXT MSWorld US$,D,20120104,3.0400,3.0400,3.0400,3.0400,0,0
J0P,DBXT MSWorld US$,D,20120105,3.0400,3.0400,3.0400,3.0400,0,0
J0P,DBXT MSWorld US$,D,20120106,3.0400,3.0400,3.0400,3.0400,0,0
J0P,DBXT MSWorld US$,D,20120109,3.0400,3.0400,3.0400,3.0400,0,0
J0P,DBXT MSWorld US$,D,20120110,3.0400,3.0400,3.0400,3.0400,0,0
J0P,DBXT MSWorld US$,D,20120111,3.0400,3.0400,3.0400,3.0400,0,0
J0P,DBXT MSWorld US$,D,20120112,3.0400,3.0400,3.0400,3.0400,0,0
J0P,DBXT MSWorld US$,D,20120113,3.0400,3.0400,3.0400,3.0400,0,0
J0P,DBXT MSWorld US$,D,20120116,3.0400,3.0400,3.0400,3.0400,0,0
J0P,DBXT MSWorld US$,D,20120117,3.0400,3.0400,3.0400,3.0400,100,0
J0P,DBXT MSWorld US$,D,20120118,3.0200,3.0200,3.0200,3.0200,130,0
J0P,DBXT MSWorld US$,D,20120119,3.0200,3.0200,3.0200,3.0200,0,0
J0P,DBXT MSWorld US$,D,20120120,3.0800,3.0800,3.0800,3.0800,2000,0
J0P,DBXT MSWorld US$,D,20120125,3.0800,3.0800,3.0800,3.0800,0,0
J0P,DBXT MSWorld US$,D,20120126,3.0800,3.0800,3.0800,3.0800,0,0
J0P,DBXT MSWorld US$,D,20120127,3.0800,3.0800,3.0800,3.0800,0,0
J0P,DBXT MSWorld US$,D,20120130,3.0800,3.0800,3.0800,3.0800,0,0
J0P,DBXT MSWorld US$,D,20120131,3.0800,3.0800,3.0800,3.0800,0,0
J0P,DBXT MSWorld US$,D,20120201,3.0800,3.0800,3.0800,3.0800,0,0
J0P,DBXT MSWorld US$,D,20120202,3.0800,3.0800,3.0800,3.0800,0,0
J0P,DBXT MSWorld US$,D,20120203,3.0800,3.0800,3.0800,3.0800,0,0
J0P,DBXT MSWorld US$,D,20120206,3.0800,3.0800,3.0800,3.0800,0,0
J0P,DBXT MSWorld US$,D,20120207,3.0800,3.0800,3.0800,3.0800,0,0
J0P,DBXT MSWorld US$,D,20120208,3.1900,3.1900,3.1900,3.1900,20000,0
J0P,DBXT MSWorld US$,D,20120209,3.1700,3.1800,3.1700,3.1800,21850,0
J0P,DBXT MSWorld US$,D,20120210,3.1800,3.1800,3.1700,3.1700,17080,0
J0P,DBXT MSWorld US$,D,20120213,3.1800,3.1800,3.1800,3.1800,900,0
J0P,DBXT MSWorld US$,D,20120214,3.1700,3.1800,3.1700,3.1800,1220,0
J0P,DBXT MSWorld US$,D,20120215,3.1800,3.1800,3.1800,3.1800,0,0
J0P,DBXT MSWorld US$,D,20120216,3.1800,3.1800,3.1800,3.1800,0,0
J0P,DBXT MSWorld US$,D,20120217,3.1800,3.1800,3.1800,3.1800,0,0
J0P,DBXT MSWorld US$,D,20120220,3.1800,3.1800,3.1800,3.1800,0,0
J0P,DBXT MSWorld US$,D,20120221,3.2300,3.2300,3.2200,3.2200,51000,0
J0P,DBXT MSWorld US$,D,20120222,3.2400,3.2400,3.2400,3.2400,17000,0
J0P,DBXT MSWorld US$,D,20120223,3.2400,3.2400,3.2400,3.2400,29300,0
J0P,DBXT MSWorld US$,D,20120224,3.2400,3.2400,3.2400,3.2400,18500,0
J0P,DBXT MSWorld US$,D,20120227,3.2400,3.2400,3.2400,3.2400,0,0
J0P,DBXT MSWorld US$,D,20120228,3.2400,3.2400,3.2400,3.2400,0,0
J0P,DBXT MSWorld US$,D,20120229,3.2400,3.2400,3.2400,3.2400,0,0
J0P,DBXT MSWorld US$,D,20120301,3.2400,3.2400,3.2400,3.2400,200,0
J0P,DBXT MSWorld US$,D,20120302,3.2500,3.2500,3.2500,3.2500,44000,0
J0P,DBXT MSWorld US$,D,20120305,3.2500,3.2500,3.2500,3.2500,0,0
J0P,DBXT MSWorld US$,D,20120306,3.2000,3.2000,3.2000,3.2000,17000,0
J0P,DBXT MSWorld US$,D,20120307,3.2000,3.2000,3.2000,3.2000,0,0
J0P,DBXT MSWorld US$,D,20120308,3.1900,3.1900,3.1900,3.1900,17000,0
J0P,DBXT MSWorld US$,D,20120309,3.1900,3.1900,3.1900,3.1900,0,0
J0P,DBXT MSWorld US$,D,20120312,3.2200,3.2200,3.2200,3.2200,6150,0
J0P,DBXT MSWorld US$,D,20120313,3.2200,3.2200,3.2200,3.2200,0,0
J0P,DBXT MSWorld US$,D,20120314,3.2200,3.2200,3.2200,3.2200,0,0
J0P,DBXT MSWorld US$,D,20120315,3.2700,3.2700,3.2700,3.2700,1640,0
J0P,DBXT MSWorld US$,D,20120316,3.2900,3.2900,3.2900,3.2900,80,0
J0P,DBXT MSWorld US$,D,20120319,3.2900,3.2900,3.2900,3.2900,0,0
J0P,DBXT MSWorld US$,D,20120320,3.2900,3.2900,3.2900,3.2900,0,0
J0P,DBXT MSWorld US$,D,20120321,3.2900,3.2900,3.2900,3.2900,0,0
J0P,DBXT MSWorld US$,D,20120322,3.2900,3.2900,3.2900,3.2900,0,0
J0P,DBXT MSWorld US$,D,20120323,3.2900,3.2900,3.2900,3.2900,0,0
J0P,DBXT MSWorld US$,D,20120326,3.2500,3.2500,3.2500,3.2500,51000,0
J0P,DBXT MSWorld US$,D,20120327,3.2500,3.2500,3.2500,3.2500,0,0
J0P,DBXT MSWorld US$,D,20120328,3.2500,3.2500,3.2500,3.2500,0,0
J0P,DBXT MSWorld US$,D,20120329,3.2500,3.2500,3.2500,3.2500,0,0
J0P,DBXT MSWorld US$,D,20120330,3.2500,3.2500,3.2500,3.2500,0,0
J0P,DBXT MSWorld US$,D,20120402,3.2500,3.2500,3.2500,3.2500,0,0
J0P,DBXT MSWorld US$,D,20120403,3.2500,3.2500,3.2500,3.2500,0,0
J0P,DBXT MSWorld US$,D,20120404,3.2500,3.2500,3.2500,3.2500,0,0
J0P,DBXT MSWorld US$,D,20120405,3.2400,3.2400,3.2400,3.2400,80,0
J0P,DBXT MSWorld US$,D,20120409,3.2400,3.2400,3.2400,3.2400,0,0
J0P,DBXT MSWorld US$,D,20120410,3.1900,3.1900,3.1900,3.1900,1680,0
J0P,DBXT MSWorld US$,D,20120411,3.1900,3.1900,3.1900,3.1900,0,0
J0P,DBXT MSWorld US$,D,20120412,3.1800,3.1800,3.1800,3.1800,200,0
J0P,DBXT MSWorld US$,D,20120413,3.2000,3.2100,3.2000,3.2100,1050,0
J0P,DBXT MSWorld US$,D,20120416,3.2100,3.2100,3.2100,3.2100,0,0
J0P,DBXT MSWorld US$,D,20120417,3.2100,3.2100,3.2100,3.2100,0,0
J0P,DBXT MSWorld US$,D,20120418,3.2100,3.2100,3.2100,3.2100,0,0
J0P,DBXT MSWorld US$,D,20120419,3.2100,3.2100,3.2100,3.2100,0,0
J0P,DBXT MSWorld US$,D,20120420,3.2100,3.2100,3.2100,3.2100,3000,0
J0P,DBXT MSWorld US$,D,20120423,3.2100,3.2100,3.2100,3.2100,0,0
J0P,DBXT MSWorld US$,D,20120424,3.2100,3.2100,3.2100,3.2100,0,0
J0P,DBXT MSWorld US$,D,20120425,3.2100,3.2100,3.2100,3.2100,10000,0
J0P,DBXT MSWorld US$,D,20120426,3.2100,3.2100,3.2100,3.2100,0,0
J0P,DBXT MSWorld US$,D,20120427,3.2400,3.2400,3.2300,3.2400,82000,0
J0P,DBXT MSWorld US$,D,20120430,3.2400,3.2400,3.2400,3.2400,0,0
J0P,DBXT MSWorld US$,D,20120502,3.2700,3.2700,3.2600,3.2600,50000,0
J0P,DBXT MSWorld US$,D,20120503,3.2600,3.2600,3.2600,3.2600,0,0
J0P,DBXT MSWorld US$,D,20120504,3.2500,3.2500,3.2500,3.2500,100,0
J0P,DBXT MSWorld US$,D,20120507,3.1300,3.1300,3.1300,3.1300,80,0
J0P,DBXT MSWorld US$,D,20120508,3.1300,3.1300,3.1300,3.1300,0,0
J0P,DBXT MSWorld US$,D,20120509,3.1300,3.1300,3.1300,3.1300,0,0
J0P,DBXT MSWorld US$,D,20120510,3.1200,3.1200,3.1200,3.1200,900,0
J0P,DBXT MSWorld US$,D,20120511,3.1200,3.1200,3.1200,3.1200,0,0
J0P,DBXT MSWorld US$,D,20120514,3.1200,3.1200,3.1200,3.1200,0,0
J0P,DBXT MSWorld US$,D,20120515,3.1200,3.1200,3.1200,3.1200,0,0
J0P,DBXT MSWorld US$,D,20120516,3.0400,3.0400,3.0400,3.0400,1240,0
J0P,DBXT MSWorld US$,D,20120517,3.0400,3.0400,3.0400,3.0400,0,0
J0P,DBXT MSWorld US$,D,20120518,3.0400,3.0400,3.0400,3.0400,0,0
J0P,DBXT MSWorld US$,D,20120521,3.0400,3.0400,3.0400,3.0400,0,0
J0P,DBXT MSWorld US$,D,20120522,3.0400,3.0400,3.0400,3.0400,0,0
J0P,DBXT MSWorld US$,D,20120523,3.0400,3.0400,3.0400,3.0400,0,0
J0P,DBXT MSWorld US$,D,20120524,3.0400,3.0400,3.0400,3.0400,0,0
J0P,DBXT MSWorld US$,D,20120525,3.0000,3.0200,3.0000,3.0200,22000,0
J0P,DBXT MSWorld US$,D,20120528,3.0200,3.0200,3.0200,3.0200,0,0
J0P,DBXT MSWorld US$,D,20120529,3.0200,3.0200,3.0200,3.0200,0,0
J0P,DBXT MSWorld US$,D,20120530,3.0200,3.0200,3.0200,3.0200,0,0
J0P,DBXT MSWorld US$,D,20120531,3.0200,3.0200,3.0200,3.0200,0,0
J0P,DBXT MSWorld US$,D,20120601,3.0200,3.0200,3.0200,3.0200,0,0
J0P,DBXT MSWorld US$,D,20120604,2.8500,2.8800,2.8500,2.8800,230,0
J0P,DBXT MSWorld US$,D,20120605,2.9000,2.9000,2.9000,2.9000,150,0
J0P,DBXT MSWorld US$,D,20120606,2.9000,2.9000,2.9000,2.9000,0,0
J0P,DBXT MSWorld US$,D,20120607,2.9000,2.9000,2.9000,2.9000,0,0
J0P,DBXT MSWorld US$,D,20120608,2.9000,2.9000,2.9000,2.9000,0,0
J0P,DBXT MSWorld US$,D,20120611,2.9000,2.9000,2.9000,2.9000,0,0
J0P,DBXT MSWorld US$,D,20120612,2.9000,2.9000,2.9000,2.9000,0,0
J0P,DBXT MSWorld US$,D,20120613,2.9000,2.9000,2.9000,2.9000,0,0
J0P,DBXT MSWorld US$,D,20120614,2.9000,2.9000,2.9000,2.9000,0,0
J0P,DBXT MSWorld US$,D,20120615,2.9000,2.9000,2.9000,2.9000,0,0
J0P,DBXT MSWorld US$,D,20120618,2.9000,2.9000,2.9000,2.9000,0,0
J0P,DBXT MSWorld US$,D,20120619,2.9000,2.9000,2.9000,2.9000,0,0
J0P,DBXT MSWorld US$,D,20120620,3.0900,3.0900,3.0900,3.0900,16000,0
J0P,DBXT MSWorld US$,D,20120621,3.0900,3.0900,3.0900,3.0900,0,0
J0P,DBXT MSWorld US$,D,20120622,3.0900,3.0900,3.0900,3.0900,0,0
J0P,DBXT MSWorld US$,D,20120625,3.0300,3.0300,3.0300,3.0300,1770,0
J0P,DBXT MSWorld US$,D,20120626,3.0300,3.0300,3.0300,3.0300,0,0
J0P,DBXT MSWorld US$,D,20120627,3.0300,3.0300,3.0300,3.0300,0,0
J0P,DBXT MSWorld US$,D,20120628,3.0300,3.0300,3.0300,3.0300,400,0
J0P,DBXT MSWorld US$,D,20120629,3.0300,3.0300,3.0300,3.0300,0,0
J0P,DBXT MSWorld US$,D,20120702,3.0300,3.0300,3.0300,3.0300,0,0
J0P,DBXT MSWorld US$,D,20120703,3.0300,3.0300,3.0300,3.0300,0,0
J0P,DBXT MSWorld US$,D,20120704,3.1600,3.1600,3.1600,3.1600,40,0
J0P,DBXT MSWorld US$,D,20120705,3.1600,3.1600,3.1600,3.1600,0,0
J0P,DBXT MSWorld US$,D,20120706,3.1600,3.1600,3.1600,3.1600,0,0
J0P,DBXT MSWorld US$,D,20120709,3.0900,3.0900,3.0900,3.0900,80,0
J0P,DBXT MSWorld US$,D,20120710,3.0800,3.0800,3.0800,3.0800,200,0
J0P,DBXT MSWorld US$,D,20120711,3.0800,3.0800,3.0800,3.0800,0,0
J0P,DBXT MSWorld US$,D,20120712,3.0800,3.0800,3.0800,3.0800,0,0
J0P,DBXT MSWorld US$,D,20120713,3.0500,3.0500,3.0500,3.0500,750,0
J0P,DBXT MSWorld US$,D,20120716,3.1000,3.1000,3.1000,3.1000,4000,0
J0P,DBXT MSWorld US$,D,20120717,3.1000,3.1000,3.1000,3.1000,0,0
J0P,DBXT MSWorld US$,D,20120718,3.1000,3.1000,3.1000,3.1000,10,0
J0P,DBXT MSWorld US$,D,20120719,3.1000,3.1000,3.1000,3.1000,0,0
J0P,DBXT MSWorld US$,D,20120720,3.1300,3.1400,3.1300,3.1400,64000,0
J0P,DBXT MSWorld US$,D,20120723,3.1200,3.1200,3.0600,3.0600,2740,0
J0P,DBXT MSWorld US$,D,20120724,3.0600,3.0600,3.0600,3.0600,0,0
J0P,DBXT MSWorld US$,D,20120725,3.0600,3.0600,3.0600,3.0600,0,0
J0P,DBXT MSWorld US$,D,20120726,3.0600,3.0600,3.0600,3.0600,0,0
J0P,DBXT MSWorld US$,D,20120727,3.0600,3.0600,3.0600,3.0600,0,0
J0P,DBXT MSWorld US$,D,20120730,3.0600,3.0600,3.0600,3.0600,0,0
J0P,DBXT MSWorld US$,D,20120731,3.0600,3.0600,3.0600,3.0600,0,0
J0P,DBXT MSWorld US$,D,20120801,3.0600,3.0600,3.0600,3.0600,0,0
J0P,DBXT MSWorld US$,D,20120802,3.0600,3.0600,3.0600,3.0600,0,0
J0P,DBXT MSWorld US$,D,20120803,3.0600,3.0600,3.0600,3.0600,0,0
J0P,DBXT MSWorld US$,D,20120806,3.0600,3.0600,3.0600,3.0600,0,0
J0P,DBXT MSWorld US$,D,20120807,3.2000,3.2000,3.2000,3.2000,1000,0
J0P,DBXT MSWorld US$,D,20120808,3.2000,3.2000,3.2000,3.2000,0,0
J0P,DBXT MSWorld US$,D,20120810,3.2200,3.2200,3.2200,3.2200,2500,0
J0P,DBXT MSWorld US$,D,20120813,3.2300,3.2300,3.2300,3.2300,80,0
J0P,DBXT MSWorld US$,D,20120814,3.2300,3.2400,3.2200,3.2200,1380,0
J0P,DBXT MSWorld US$,D,20120815,3.2200,3.2200,3.2200,3.2200,1670,0
J0P,DBXT MSWorld US$,D,20120816,3.2200,3.2200,3.2200,3.2200,0,0
J0P,DBXT MSWorld US$,D,20120817,3.2500,3.2600,3.2500,3.2600,12060,0
J0P,DBXT MSWorld US$,D,20120821,3.2700,3.2700,3.2700,3.2700,10560,0
J0P,DBXT MSWorld US$,D,20120822,3.2700,3.2700,3.2700,3.2700,0,0
J0P,DBXT MSWorld US$,D,20120823,3.2700,3.2700,3.2700,3.2700,0,0
J0P,DBXT MSWorld US$,D,20120824,3.2700,3.2700,3.2700,3.2700,0,0
J0P,DBXT MSWorld US$,D,20120827,3.2700,3.2700,3.2700,3.2700,0,0
J0P,DBXT MSWorld US$,D,20120828,3.2700,3.2700,3.2700,3.2700,0,0
J0P,DBXT MSWorld US$,D,20120829,3.2700,3.2700,3.2700,3.2700,0,0
J0P,DBXT MSWorld US$,D,20120830,3.2700,3.2700,3.2700,3.2700,0,0
J0P,DBXT MSWorld US$,D,20120831,3.2700,3.2700,3.2700,3.2700,0,0
J0P,DBXT MSWorld US$,D,20120903,3.2200,3.2200,3.2200,3.2200,40,0
J0P,DBXT MSWorld US$,D,20120904,3.2200,3.2200,3.2200,3.2200,0,0
J0P,DBXT MSWorld US$,D,20120905,3.2200,3.2200,3.2200,3.2200,0,0
J0P,DBXT MSWorld US$,D,20120906,3.2300,3.2300,3.2300,3.2300,80,0
J0P,DBXT MSWorld US$,D,20120907,3.2300,3.2300,3.2300,3.2300,0,0
J0P,DBXT MSWorld US$,D,20120910,3.2300,3.2300,3.2300,3.2300,0,0
J0P,DBXT MSWorld US$,D,20120911,3.2300,3.2300,3.2300,3.2300,0,0
J0P,DBXT MSWorld US$,D,20120912,3.2300,3.2300,3.2300,3.2300,0,0
J0P,DBXT MSWorld US$,D,20120913,3.2300,3.2300,3.2300,3.2300,0,0
J0P,DBXT MSWorld US$,D,20120914,3.2300,3.2300,3.2300,3.2300,0,0
J0P,DBXT MSWorld US$,D,20120917,3.4000,3.4000,3.4000,3.4000,400,0
J0P,DBXT MSWorld US$,D,20120918,3.4000,3.4000,3.4000,3.4000,0,0
J0P,DBXT MSWorld US$,D,20120919,3.4000,3.4000,3.4000,3.4000,0,0
J0P,DBXT MSWorld US$,D,20120920,3.4000,3.4000,3.4000,3.4000,0,0
J0P,DBXT MSWorld US$,D,20120921,3.4000,3.4000,3.4000,3.4000,0,0
J0P,DBXT MSWorld US$,D,20120924,3.3600,3.3600,3.3600,3.3600,2220,0
J0P,DBXT MSWorld US$,D,20120925,3.3600,3.3600,3.3600,3.3600,0,0
J0P,DBXT MSWorld US$,D,20120926,3.3500,3.3500,3.3400,3.3400,5700,0
J0P,DBXT MSWorld US$,D,20120927,3.3400,3.3400,3.3400,3.3400,0,0
J0P,DBXT MSWorld US$,D,20120928,3.3400,3.3400,3.3400,3.3400,0,0
J0P,DBXT MSWorld US$,D,20121001,3.3100,3.3100,3.3100,3.3100,10340,0
J0P,DBXT MSWorld US$,D,20121002,3.3100,3.3100,3.3100,3.3100,0,0
J0P,DBXT MSWorld US$,D,20121003,3.3100,3.3100,3.3100,3.3100,0,0
J0P,DBXT MSWorld US$,D,20121004,3.3100,3.3100,3.3100,3.3100,0,0
J0P,DBXT MSWorld US$,D,20121005,3.3100,3.3100,3.3100,3.3100,0,0
J0P,DBXT MSWorld US$,D,20121008,3.3100,3.3100,3.3100,3.3100,0,0
J0P,DBXT MSWorld US$,D,20121009,3.3400,3.3400,3.3400,3.3400,1000,0
J0P,DBXT MSWorld US$,D,20121010,3.3400,3.3400,3.3400,3.3400,0,0
J0P,DBXT MSWorld US$,D,20121011,3.3400,3.3400,3.3400,3.3400,0,0
J0P,DBXT MSWorld US$,D,20121012,3.3300,3.3300,3.3300,3.3300,80,0
J0P,DBXT MSWorld US$,D,20121015,3.3300,3.3300,3.3300,3.3300,0,0
J0P,DBXT MSWorld US$,D,20121016,3.3400,3.3400,3.3400,3.3400,3000,0
J0P,DBXT MSWorld US$,D,20121017,3.3400,3.3400,3.3400,3.3400,0,0
J0P,DBXT MSWorld US$,D,20121018,3.3400,3.3400,3.3400,3.3400,0,0
J0P,DBXT MSWorld US$,D,20121019,3.3400,3.3400,3.3400,3.3400,0,0
J0P,DBXT MSWorld US$,D,20121022,3.3400,3.3400,3.3400,3.3400,0,0
J0P,DBXT MSWorld US$,D,20121023,3.3400,3.3400,3.3400,3.3400,0,0
J0P,DBXT MSWorld US$,D,20121024,3.3400,3.3400,3.3400,3.3400,0,0
J0P,DBXT MSWorld US$,D,20121025,3.3400,3.3400,3.3400,3.3400,0,0
J0P,DBXT MSWorld US$,D,20121029,3.3400,3.3400,3.3400,3.3400,0,0
J0P,DBXT MSWorld US$,D,20121030,3.2700,3.2700,3.2700,3.2700,3000,0
J0P,DBXT MSWorld US$,D,20121031,3.2800,3.2800,3.2800,3.2800,300,0
J0P,DBXT MSWorld US$,D,20121101,3.3000,3.3000,3.2800,3.2800,8040,0
J0P,DBXT MSWorld US$,D,20121102,3.3200,3.3200,3.3200,3.3200,600,0
J0P,DBXT MSWorld US$,D,20121105,3.3100,3.3100,3.3100,3.3100,250,0
J0P,DBXT MSWorld US$,D,20121106,3.3100,3.3100,3.3100,3.3100,0,0
J0P,DBXT MSWorld US$,D,20121107,3.3100,3.3100,3.3100,3.3100,0,0
J0P,DBXT MSWorld US$,D,20121108,3.2800,3.2800,3.2800,3.2800,580,0
J0P,DBXT MSWorld US$,D,20121109,3.2500,3.2500,3.2500,3.2500,2300,0
J0P,DBXT MSWorld US$,D,20121112,3.2500,3.2500,3.2500,3.2500,0,0
J0P,DBXT MSWorld US$,D,20121114,3.2400,3.2400,3.2400,3.2400,1190,0
J0P,DBXT MSWorld US$,D,20121115,3.2400,3.2400,3.2400,3.2400,0,0
J0P,DBXT MSWorld US$,D,20121116,3.2400,3.2400,3.2400,3.2400,0,0
J0P,DBXT MSWorld US$,D,20121119,3.2400,3.2400,3.2400,3.2400,0,0
J0P,DBXT MSWorld US$,D,20121120,3.2400,3.2400,3.2400,3.2400,0,0
J0P,DBXT MSWorld US$,D,20121121,3.2400,3.2400,3.2400,3.2400,0,0
J0P,DBXT MSWorld US$,D,20121122,3.2400,3.2400,3.2400,3.2400,0,0
J0P,DBXT MSWorld US$,D,20121123,3.2900,3.2900,3.2900,3.2900,12300,0
J0P,DBXT MSWorld US$,D,20121126,3.2900,3.2900,3.2900,3.2900,0,0
J0P,DBXT MSWorld US$,D,20121127,3.2900,3.2900,3.2900,3.2900,0,0
J0P,DBXT MSWorld US$,D,20121128,3.2900,3.2900,3.2900,3.2900,0,0
J0P,DBXT MSWorld US$,D,20121129,3.2900,3.2900,3.2900,3.2900,0,0
J0P,DBXT MSWorld US$,D,20121130,3.2900,3.2900,3.2900,3.2900,0,0
J0P,DBXT MSWorld US$,D,20121203,3.3500,3.3500,3.3500,3.3500,40,0
J0P,DBXT MSWorld US$,D,20121204,3.3500,3.3500,3.3500,3.3500,0,0
J0P,DBXT MSWorld US$,D,20121205,3.3300,3.3300,3.3300,3.3300,1220,0
J0P,DBXT MSWorld US$,D,20121206,3.3300,3.3300,3.3300,3.3300,0,0
J0P,DBXT MSWorld US$,D,20121207,3.3300,3.3300,3.3300,3.3300,0,0
J0P,DBXT MSWorld US$,D,20121210,3.3300,3.3300,3.3300,3.3300,0,0
J0P,DBXT MSWorld US$,D,20121211,3.3300,3.3300,3.3300,3.3300,0,0
J0P,DBXT MSWorld US$,D,20121212,3.3300,3.3300,3.3300,3.3300,0,0
J0P,DBXT MSWorld US$,D,20121213,3.3300,3.3300,3.3300,3.3300,0,0
J0P,DBXT MSWorld US$,D,20121214,3.3300,3.3300,3.3300,3.3300,0,0
J0P,DBXT MSWorld US$,D,20121217,3.3300,3.3300,3.3300,3.3300,0,0
J0P,DBXT MSWorld US$,D,20121218,3.4100,3.4100,3.4100,3.4100,1700,0
J0P,DBXT MSWorld US$,D,20121219,3.4100,3.4100,3.4100,3.4100,0,0
J0P,DBXT MSWorld US$,D,20121220,3.4100,3.4100,3.4100,3.4100,0,0
J0P,DBXT MSWorld US$,D,20121221,3.4100,3.4100,3.4100,3.4100,0,0
J0P,DBXT MSWorld US$,D,20121224,3.4100,3.4100,3.4100,3.4100,0,0
J0P,DBXT MSWorld US$,D,20121226,3.4100,3.4100,3.4100,3.4100,0,0
J0P,DBXT MSWorld US$,D,20121227,3.4100,3.4100,3.4100,3.4100,0,0
J0P,DBXT MSWorld US$,D,20121228,3.4100,3.4100,3.4000,3.4000,3500,0
J0P,DBXT MSWorld US$,D,20121231,3.4000,3.4000,3.4000,3.4000,0,0
J0P,DBXT MSWorld US$,D,20130102,3.4600,3.4600,3.4600,3.4600,7400,0
J0P,DBXT MSWorld US$,D,20130103,3.4600,3.4600,3.4600,3.4600,0,0
J0P,DBXT MSWorld US$,D,20130104,3.4700,3.4700,3.4700,3.4700,1000,0
J0P,DBXT MSWorld US$,D,20130107,3.4900,3.4900,3.4900,3.4900,9040,0
J0P,DBXT MSWorld US$,D,20130108,3.4900,3.4900,3.4900,3.4900,0,0
J0P,DBXT MSWorld US$,D,20130109,3.4900,3.4900,3.4900,3.4900,0,0
J0P,DBXT MSWorld US$,D,20130110,3.4900,3.4900,3.4900,3.4900,400,0
J0P,DBXT MSWorld US$,D,20130111,3.4900,3.4900,3.4900,3.4900,0,0
J0P,DBXT MSWorld US$,D,20130114,3.4900,3.4900,3.4900,3.4900,0,0
J0P,DBXT MSWorld US$,D,20130115,3.5200,3.5200,3.5200,3.5200,33500,0
J0P,DBXT MSWorld US$,D,20130116,3.5200,3.5200,3.5200,3.5200,70,0
J0P,DBXT MSWorld US$,D,20130117,3.5200,3.5200,3.5200,3.5200,0,0
J0P,DBXT MSWorld US$,D,20130118,3.5200,3.5200,3.5200,3.5200,0,0
J0P,DBXT MSWorld US$,D,20130121,3.5400,3.5400,3.5400,3.5400,1300,0
J0P,DBXT MSWorld US$,D,20130122,3.5400,3.5400,3.5400,3.5400,0,0
J0P,DBXT MSWorld US$,D,20130123,3.5400,3.5400,3.5400,3.5400,0,0
J0P,DBXT MSWorld US$,D,20130124,3.5400,3.5400,3.5400,3.5400,0,0
J0P,DBXT MSWorld US$,D,20130125,3.5500,3.5500,3.5500,3.5500,800,0
J0P,DBXT MSWorld US$,D,20130128,3.5500,3.5500,3.5500,3.5500,0,0
J0P,DBXT MSWorld US$,D,20130129,3.6500,3.6500,3.5800,3.5800,15000,0
J0P,DBXT MSWorld US$,D,20130130,3.6000,3.6000,3.6000,3.6000,2000,0
J0P,DBXT MSWorld US$,D,20130131,3.6000,3.6000,3.6000,3.6000,1100,0
J0P,DBXT MSWorld US$,D,20130201,3.6000,3.6000,3.6000,3.6000,0,0
J0P,DBXT MSWorld US$,D,20130204,3.6100,3.6100,3.6100,3.6100,40,0
J0P,DBXT MSWorld US$,D,20130205,3.5500,3.5500,3.5500,3.5500,9000,0
J0P,DBXT MSWorld US$,D,20130206,3.5500,3.5500,3.5500,3.5500,0,0
J0P,DBXT MSWorld US$,D,20130207,3.5500,3.5500,3.5500,3.5500,0,0
J0P,DBXT MSWorld US$,D,20130208,3.5500,3.5500,3.5500,3.5500,0,0
J0P,DBXT MSWorld US$,D,20130213,3.5500,3.5500,3.5500,3.5500,0,0
J0P,DBXT MSWorld US$,D,20130214,3.6100,3.6100,3.6100,3.6100,3600,0
J0P,DBXT MSWorld US$,D,20130215,3.6000,3.6000,3.6000,3.6000,1000,0
J0P,DBXT MSWorld US$,D,20130218,3.5900,3.5900,3.5900,3.5900,3220,0
J0P,DBXT MSWorld US$,D,20130219,3.5900,3.5900,3.5900,3.5900,20570,0
J0P,DBXT MSWorld US$,D,20130220,3.5900,3.5900,3.5900,3.5900,0,0
J0P,DBXT MSWorld US$,D,20130221,3.6300,3.6300,3.6300,3.6300,300,0
J0P,DBXT MSWorld US$,D,20130222,3.5600,3.5600,3.5600,3.5600,2000,0
J0P,DBXT MSWorld US$,D,20130225,3.5600,3.5600,3.5600,3.5600,0,0
J0P,DBXT MSWorld US$,D,20130226,3.5600,3.5600,3.5600,3.5600,0,0
J0P,DBXT MSWorld US$,D,20130227,3.5300,3.5300,3.5300,3.5300,2610,0
J0P,DBXT MSWorld US$,D,20130228,3.5300,3.5300,3.5300,3.5300,0,0
J0P,DBXT MSWorld US$,D,20130301,3.5800,3.5800,3.5700,3.5700,1040,0
J0P,DBXT MSWorld US$,D,20130304,3.5700,3.5700,3.5700,3.5700,0,0
J0P,DBXT MSWorld US$,D,20130305,3.5700,3.5700,3.5700,3.5700,0,0
J0P,DBXT MSWorld US$,D,20130306,3.5700,3.5700,3.5700,3.5700,0,0
J0P,DBXT MSWorld US$,D,20130307,3.6200,3.6200,3.6200,3.6200,140,0
J0P,DBXT MSWorld US$,D,20130308,3.6200,3.6200,3.6200,3.6200,0,0
J0P,DBXT MSWorld US$,D,20130311,3.6500,3.6500,3.6500,3.6500,7200,0
J0P,DBXT MSWorld US$,D,20130312,3.6500,3.6500,3.6500,3.6500,15800,0
J0P,DBXT MSWorld US$,D,20130313,3.6500,3.6500,3.6500,3.6500,50,0
J0P,DBXT MSWorld US$,D,20130314,3.6500,3.6500,3.6500,3.6500,0,0
J0P,DBXT MSWorld US$,D,20130315,3.6900,3.6900,3.6900,3.6900,1850,0
J0P,DBXT MSWorld US$,D,20130318,3.6400,3.6400,3.6100,3.6100,3670,0
J0P,DBXT MSWorld US$,D,20130319,3.6100,3.6100,3.6100,3.6100,0,0
J0P,DBXT MSWorld US$,D,20130320,3.6400,3.6400,3.6400,3.6400,2000,0
J0P,DBXT MSWorld US$,D,20130321,3.6400,3.6400,3.6400,3.6400,0,0
J0P,DBXT MSWorld US$,D,20130322,3.6400,3.6400,3.6400,3.6400,0,0
J0P,DBXT MSWorld US$,D,20130325,3.6800,3.6800,3.6800,3.6800,8780,0
J0P,DBXT MSWorld US$,D,20130326,3.6800,3.6800,3.6800,3.6800,0,0
J0P,DBXT MSWorld US$,D,20130327,3.6800,3.6800,3.6800,3.6800,0,0
J0P,DBXT MSWorld US$,D,20130328,3.6800,3.6800,3.6800,3.6800,0,0
J0P,DBXT MSWorld US$,D,20130401,3.6800,3.6800,3.6800,3.6800,0,0
J0P,DBXT MSWorld US$,D,20130402,3.6800,3.6800,3.6800,3.6800,0,0
J0P,DBXT MSWorld US$,D,20130403,3.6500,3.6800,3.6500,3.6800,91750,0
J0P,DBXT MSWorld US$,D,20130404,3.6500,3.6500,3.6500,3.6500,40,0
J0P,DBXT MSWorld US$,D,20130405,3.6500,3.6500,3.6500,3.6500,0,0
J0P,DBXT MSWorld US$,D,20130408,3.6500,3.6500,3.6500,3.6500,0,0
J0P,DBXT MSWorld US$,D,20130409,3.6600,3.6600,3.6600,3.6600,500,0
J0P,DBXT MSWorld US$,D,20130410,3.6600,3.6600,3.6600,3.6600,0,0
J0P,DBXT MSWorld US$,D,20130411,3.6600,3.6600,3.6600,3.6600,0,0
J0P,DBXT MSWorld US$,D,20130412,3.7300,3.7300,3.7300,3.7300,2000,0
J0P,DBXT MSWorld US$,D,20130415,3.7300,3.7300,3.7300,3.7300,0,0
J0P,DBXT MSWorld US$,D,20130416,3.7300,3.7300,3.7300,3.7300,0,0
J0P,DBXT MSWorld US$,D,20130417,3.7300,3.7300,3.7300,3.7300,0,0
J0P,DBXT MSWorld US$,D,20130418,3.7400,3.7400,3.6200,3.6200,2870,0
J0P,DBXT MSWorld US$,D,20130419,3.6100,3.6100,3.6100,3.6100,1000,0
J0P,DBXT MSWorld US$,D,20130422,3.6100,3.6100,3.6100,3.6100,0,0
J0P,DBXT MSWorld US$,D,20130423,3.6100,3.6100,3.6100,3.6100,0,0
J0P,DBXT MSWorld US$,D,20130424,3.6100,3.6100,3.6100,3.6100,0,0
J0P,DBXT MSWorld US$,D,20130425,3.6100,3.6100,3.6100,3.6100,0,0
J0P,DBXT MSWorld US$,D,20130426,3.6100,3.6100,3.6100,3.6100,0,0
J0P,DBXT MSWorld US$,D,20130429,3.6100,3.6100,3.6100,3.6100,0,0
J0P,DBXT MSWorld US$,D,20130430,3.6100,3.6100,3.6100,3.6100,0,0
J0P,DBXT MSWorld US$,D,20130502,3.6100,3.6100,3.6100,3.6100,0,0
J0P,DBXT MSWorld US$,D,20130503,3.7700,3.7700,3.7700,3.7700,1290,0
J0P,DBXT MSWorld US$,D,20130506,3.8100,3.8100,3.8100,3.8100,30,0
J0P,DBXT MSWorld US$,D,20130507,3.8100,3.8100,3.8100,3.8100,0,0
J0P,DBXT MSWorld US$,D,20130508,3.8300,3.8300,3.8300,3.8300,8820,0
J0P,DBXT MSWorld US$,D,20130509,3.8300,3.8300,3.8300,3.8300,0,0
J0P,DBXT MSWorld US$,D,20130510,3.8300,3.8300,3.8300,3.8300,0,0
J0P,DBXT MSWorld US$,D,20130513,3.8300,3.8300,3.8300,3.8300,0,0
J0P,DBXT MSWorld US$,D,20130514,3.8300,3.8300,3.8300,3.8300,1010,0
J0P,DBXT MSWorld US$,D,20130515,3.8300,3.8300,3.8300,3.8300,0,0
J0P,DBXT MSWorld US$,D,20130516,3.8700,3.8700,3.8600,3.8600,1900,0
J0P,DBXT MSWorld US$,D,20130517,3.8600,3.8600,3.8600,3.8600,2070,0
J0P,DBXT MSWorld US$,D,20130520,3.8600,3.8600,3.8600,3.8600,0,0
J0P,DBXT MSWorld US$,D,20130521,3.9100,3.9100,3.9100,3.9100,1300,0
J0P,DBXT MSWorld US$,D,20130522,3.9100,3.9100,3.9100,3.9100,0,0
J0P,DBXT MSWorld US$,D,20130523,3.9100,3.9100,3.9100,3.9100,0,0
J0P,DBXT MSWorld US$,D,20130527,3.8300,3.8400,3.8300,3.8400,1610,0
J0P,DBXT MSWorld US$,D,20130528,3.8400,3.8400,3.8400,3.8400,0,0
J0P,DBXT MSWorld US$,D,20130529,3.8200,3.8200,3.8200,3.8200,1000,0
J0P,DBXT MSWorld US$,D,20130530,3.8200,3.8200,3.8200,3.8200,0,0
J0P,DBXT MSWorld US$,D,20130531,3.8200,3.8200,3.8200,3.8200,1500,0
J0P,DBXT MSWorld US$,D,20130603,3.7900,3.7900,3.7700,3.7700,1020,0
J0P,DBXT MSWorld US$,D,20130604,3.7800,3.8000,3.7800,3.8000,5160,0
J0P,DBXT MSWorld US$,D,20130605,3.8000,3.8000,3.8000,3.8000,0,0
J0P,DBXT MSWorld US$,D,20130606,3.8000,3.8000,3.8000,3.8000,0,0
J0P,DBXT MSWorld US$,D,20130607,3.8000,3.8000,3.8000,3.8000,0,0
J0P,DBXT MSWorld US$,D,20130610,3.7800,3.7800,3.7800,3.7800,500,0
J0P,DBXT MSWorld US$,D,20130611,3.7800,3.7800,3.7800,3.7800,0,0
J0P,DBXT MSWorld US$,D,20130612,3.7700,3.7700,3.7700,3.7700,3300,0
J0P,DBXT MSWorld US$,D,20130613,3.7700,3.7700,3.7700,3.7700,0,0
J0P,DBXT MSWorld US$,D,20130614,3.7700,3.7700,3.7700,3.7700,1990,0
J0P,DBXT MSWorld US$,D,20130617,3.7700,3.7700,3.7700,3.7700,0,0
J0P,DBXT MSWorld US$,D,20130618,3.7900,3.7900,3.7900,3.7900,70,0
J0P,DBXT MSWorld US$,D,20130619,3.8300,3.8300,3.8300,3.8300,3130,0
J0P,DBXT MSWorld US$,D,20130620,3.8300,3.8300,3.8300,3.8300,0,0
J0P,DBXT MSWorld US$,D,20130621,3.8300,3.8300,3.8300,3.8300,0,0
J0P,DBXT MSWorld US$,D,20130624,3.8300,3.8300,3.8300,3.8300,0,0
J0P,DBXT MSWorld US$,D,20130625,3.8300,3.8300,3.8300,3.8300,0,0
J0P,DBXT MSWorld US$,D,20130626,3.8300,3.8300,3.8300,3.8300,0,0
J0P,DBXT MSWorld US$,D,20130627,3.6800,3.6800,3.6800,3.6800,6430,0
J0P,DBXT MSWorld US$,D,20130628,3.6800,3.6800,3.6800,3.6800,0,0
J0P,DBXT MSWorld US$,D,20130701,3.6800,3.7000,3.6800,3.7000,1820,0
J0P,DBXT MSWorld US$,D,20130702,3.7200,3.7200,3.7200,3.7200,5210,0
J0P,DBXT MSWorld US$,D,20130703,3.7200,3.7200,3.7200,3.7200,0,0
J0P,DBXT MSWorld US$,D,20130704,3.7200,3.7200,3.7200,3.7200,0,0
J0P,DBXT MSWorld US$,D,20130705,3.7200,3.7200,3.7200,3.7200,0,0
J0P,DBXT MSWorld US$,D,20130708,3.7200,3.7400,3.7200,3.7400,4400,0
J0P,DBXT MSWorld US$,D,20130709,3.7400,3.7400,3.7400,3.7400,0,0
J0P,DBXT MSWorld US$,D,20130710,3.7400,3.7400,3.7400,3.7400,0,0
J0P,DBXT MSWorld US$,D,20130711,3.7400,3.7400,3.7400,3.7400,0,0
J0P,DBXT MSWorld US$,D,20130712,3.7400,3.7400,3.7400,3.7400,0,0
J0P,DBXT MSWorld US$,D,20130715,3.8500,3.8500,3.8500,3.8500,700,0
J0P,DBXT MSWorld US$,D,20130716,3.8500,3.8500,3.8500,3.8500,0,0
J0P,DBXT MSWorld US$,D,20130717,3.8700,3.8700,3.8500,3.8500,2170,0
J0P,DBXT MSWorld US$,D,20130718,3.8500,3.8500,3.8500,3.8500,0,0
J0P,DBXT MSWorld US$,D,20130719,3.8800,3.8800,3.8800,3.8800,2970,0
J0P,DBXT MSWorld US$,D,20130722,3.8800,3.8800,3.8800,3.8800,0,0
J0P,DBXT MSWorld US$,D,20130723,3.8800,3.8800,3.8800,3.8800,0,0
J0P,DBXT MSWorld US$,D,20130724,3.8800,3.8800,3.8800,3.8800,0,0
J0P,DBXT MSWorld US$,D,20130725,3.8800,3.8800,3.8800,3.8800,0,0
J0P,DBXT MSWorld US$,D,20130726,3.9100,3.9100,3.9000,3.9000,5510,0
J0P,DBXT MSWorld US$,D,20130729,3.8800,3.8800,3.8800,3.8800,580,0
J0P,DBXT MSWorld US$,D,20130730,3.8900,3.8900,3.8900,3.8900,10,0
J0P,DBXT MSWorld US$,D,20130731,3.8900,3.8900,3.8900,3.8900,0,0
J0P,DBXT MSWorld US$,D,20130801,3.9300,3.9300,3.9300,3.9300,1000,0
J0P,DBXT MSWorld US$,D,20130802,3.9400,3.9400,3.9400,3.9400,360,0
J0P,DBXT MSWorld US$,D,20130805,3.9500,3.9500,3.9500,3.9500,10,0
J0P,DBXT MSWorld US$,D,20130806,3.9500,3.9500,3.9500,3.9500,0,0
J0P,DBXT MSWorld US$,D,20130807,3.9500,3.9500,3.9500,3.9500,0,0
J0P,DBXT MSWorld US$,D,20130812,3.9500,3.9500,3.9500,3.9500,0,0
J0P,DBXT MSWorld US$,D,20130813,3.9600,3.9600,3.9600,3.9600,3790,0
J0P,DBXT MSWorld US$,D,20130814,3.9600,3.9600,3.9600,3.9600,0,0
J0P,DBXT MSWorld US$,D,20130815,3.9600,3.9600,3.9500,3.9500,5170,0
J0P,DBXT MSWorld US$,D,20130816,3.9500,3.9500,3.9500,3.9500,0,0
J0P,DBXT MSWorld US$,D,20130819,3.9500,3.9500,3.9500,3.9500,0,0
J0P,DBXT MSWorld US$,D,20130820,3.8900,3.8900,3.8900,3.8900,1300,0
J0P,DBXT MSWorld US$,D,20130821,3.8900,3.8900,3.8900,3.8900,0,0
J0P,DBXT MSWorld US$,D,20130822,3.8900,3.8900,3.8900,3.8900,0,0
J0P,DBXT MSWorld US$,D,20130823,3.9000,3.9000,3.8900,3.8900,1680,0
J0P,DBXT MSWorld US$,D,20130826,3.9100,3.9100,3.9100,3.9100,3200,0
J0P,DBXT MSWorld US$,D,20130827,3.9100,3.9100,3.9100,3.9100,0,0
J0P,DBXT MSWorld US$,D,20130828,3.9100,3.9100,3.9100,3.9100,0,0
J0P,DBXT MSWorld US$,D,20130829,3.9100,3.9100,3.9100,3.9100,0,0
J0P,DBXT MSWorld US$,D,20130830,3.8300,3.8300,3.8300,3.8300,2000,0
J0P,DBXT MSWorld US$,D,20130902,3.8400,3.8400,3.8400,3.8400,1000,0
J0P,DBXT MSWorld US$,D,20130903,3.8600,3.8600,3.8500,3.8500,840,0
J0P,DBXT MSWorld US$,D,20130904,3.8200,3.8200,3.8200,3.8200,480,0
J0P,DBXT MSWorld US$,D,20130905,3.8700,3.8700,3.8700,3.8700,3710,0
J0P,DBXT MSWorld US$,D,20130906,3.8700,3.8700,3.8700,3.8700,0,0
J0P,DBXT MSWorld US$,D,20130909,3.8700,3.8700,3.8700,3.8700,0,0
J0P,DBXT MSWorld US$,D,20130910,3.8700,3.8700,3.8700,3.8700,0,0
J0P,DBXT MSWorld US$,D,20130911,3.8700,3.8700,3.8700,3.8700,0,0
J0P,DBXT MSWorld US$,D,20130912,3.8700,3.8700,3.8700,3.8700,0,0
J0P,DBXT MSWorld US$,D,20130913,3.9700,3.9700,3.9600,3.9600,8000,0
J0P,DBXT MSWorld US$,D,20130916,4.0000,4.0000,4.0000,4.0000,5000,0
J0P,DBXT MSWorld US$,D,20130917,4.0000,4.0000,4.0000,4.0000,0,0
J0P,DBXT MSWorld US$,D,20130918,4.0000,4.0000,4.0000,4.0000,0,0
J0P,DBXT MSWorld US$,D,20130919,4.0000,4.0000,4.0000,4.0000,0,0
J0P,DBXT MSWorld US$,D,20130920,4.0600,4.0600,4.0600,4.0600,1300,0
J0P,DBXT MSWorld US$,D,20130923,4.0600,4.0600,4.0600,4.0600,0,0
J0P,DBXT MSWorld US$,D,20130924,4.0200,4.0200,4.0200,4.0200,60,0
J0P,DBXT MSWorld US$,D,20130925,4.0200,4.0200,4.0200,4.0200,800,0
J0P,DBXT MSWorld US$,D,20130926,4.0200,4.0200,4.0200,4.0200,0,0
J0P,DBXT MSWorld US$,D,20130927,4.0200,4.0200,4.0200,4.0200,0,0
J0P,DBXT MSWorld US$,D,20130930,3.9700,3.9700,3.9700,3.9700,1800,0
J0P,DBXT MSWorld US$,D,20131001,3.9900,3.9900,3.9900,3.9900,1000,0
J0P,DBXT MSWorld US$,D,20131002,3.9900,3.9900,3.9700,3.9700,8860,0
J0P,DBXT MSWorld US$,D,20131003,3.9700,3.9700,3.9700,3.9700,0,0
J0P,DBXT MSWorld US$,D,20131004,3.9700,3.9700,3.9700,3.9700,0,0
J0P,DBXT MSWorld US$,D,20131007,3.9600,3.9600,3.9600,3.9600,760,0
J0P,DBXT MSWorld US$,D,20131008,3.9500,3.9500,3.9500,3.9500,850,0
J0P,DBXT MSWorld US$,D,20131009,3.9500,3.9500,3.9500,3.9500,0,0
J0P,DBXT MSWorld US$,D,20131010,3.9400,3.9400,3.9400,3.9400,1000,0
J0P,DBXT MSWorld US$,D,20131011,3.9400,3.9400,3.9400,3.9400,0,0
J0P,DBXT MSWorld US$,D,20131014,3.9400,3.9400,3.9400,3.9400,0,0
J0P,DBXT MSWorld US$,D,20131016,3.9400,3.9400,3.9400,3.9400,0,0
J0P,DBXT MSWorld US$,D,20131017,4.0600,4.0600,4.0600,4.0600,10000,0
J0P,DBXT MSWorld US$,D,20131018,4.1100,4.1100,4.1100,4.1100,60,0
J0P,DBXT MSWorld US$,D,20131021,4.1100,4.1100,4.1100,4.1100,0,0
J0P,DBXT MSWorld US$,D,20131022,4.1100,4.1100,4.1100,4.1100,0,0
J0P,DBXT MSWorld US$,D,20131023,4.1100,4.1100,4.1100,4.1100,0,0
J0P,DBXT MSWorld US$,D,20131024,4.1100,4.1100,4.1100,4.1100,0,0
J0P,DBXT MSWorld US$,D,20131025,4.1100,4.1100,4.1100,4.1100,0,0
J0P,DBXT MSWorld US$,D,20131028,4.1100,4.1100,4.1100,4.1100,0,0
J0P,DBXT MSWorld US$,D,20131029,4.1500,4.1600,4.1500,4.1600,1200,0
J0P,DBXT MSWorld US$,D,20131030,4.1600,4.1600,4.1600,4.1600,0,0
J0P,DBXT MSWorld US$,D,20131031,4.1300,4.1300,4.1300,4.1300,50,0
J0P,DBXT MSWorld US$,D,20131101,4.1300,4.1300,4.1300,4.1300,0,0
J0P,DBXT MSWorld US$,D,20131104,4.1300,4.1300,4.1300,4.1300,0,0
J0P,DBXT MSWorld US$,D,20131105,4.1400,4.1400,4.1400,4.1400,3910,0
J0P,DBXT MSWorld US$,D,20131106,4.1400,4.1400,4.1400,4.1400,0,0
J0P,DBXT MSWorld US$,D,20131107,4.1400,4.1400,4.1400,4.1400,0,0
J0P,DBXT MSWorld US$,D,20131108,4.1000,4.1000,4.1000,4.1000,1000,0
J0P,DBXT MSWorld US$,D,20131111,4.1200,4.1200,4.1200,4.1200,540,0
J0P,DBXT MSWorld US$,D,20131112,4.1400,4.1400,4.1400,4.1400,4660,0
J0P,DBXT MSWorld US$,D,20131113,4.1100,4.1100,4.1100,4.1100,32000,0
J0P,DBXT MSWorld US$,D,20131114,4.1100,4.1100,4.1100,4.1100,0,0
J0P,DBXT MSWorld US$,D,20131115,4.1900,4.1900,4.1900,4.1900,30,0
J0P,DBXT MSWorld US$,D,20131118,4.2000,4.2000,4.2000,4.2000,30,0
J0P,DBXT MSWorld US$,D,20131119,4.2000,4.2000,4.1800,4.1800,5610,0
J0P,DBXT MSWorld US$,D,20131120,4.1800,4.1800,4.1800,4.1800,60,0
J0P,DBXT MSWorld US$,D,20131121,4.1800,4.1800,4.1800,4.1800,0,0
J0P,DBXT MSWorld US$,D,20131122,4.1900,4.1900,4.1900,4.1900,10050,0
J0P,DBXT MSWorld US$,D,20131125,4.2100,4.2100,4.2100,4.2100,2570,0
J0P,DBXT MSWorld US$,D,20131126,4.2100,4.2100,4.2100,4.2100,0,0
J0P,DBXT MSWorld US$,D,20131127,4.2100,4.2100,4.2100,4.2100,0,0
J0P,DBXT MSWorld US$,D,20131128,4.2100,4.2100,4.2100,4.2100,300,0
J0P,DBXT MSWorld US$,D,20131129,4.2200,4.2200,4.2200,4.2200,4030,0
J0P,DBXT MSWorld US$,D,20131202,4.2100,4.2100,4.2100,4.2100,30,0
J0P,DBXT MSWorld US$,D,20131203,4.2000,4.2000,4.2000,4.2000,1000,0
J0P,DBXT MSWorld US$,D,20131204,4.2000,4.2000,4.2000,4.2000,0,0
J0P,DBXT MSWorld US$,D,20131205,4.2000,4.2000,4.1600,4.1600,5200,0
J0P,DBXT MSWorld US$,D,20131206,4.1600,4.1600,4.1600,4.1600,0,0
J0P,DBXT MSWorld US$,D,20131209,4.1600,4.1600,4.1600,4.1600,0,0
J0P,DBXT MSWorld US$,D,20131210,4.1600,4.1600,4.1600,4.1600,0,0
J0P,DBXT MSWorld US$,D,20131211,4.1700,4.1700,4.1700,4.1700,2420,0
J0P,DBXT MSWorld US$,D,20131212,4.1700,4.1700,4.1700,4.1700,0,0
J0P,DBXT MSWorld US$,D,20131213,4.1100,4.1100,4.1100,4.1100,2300,0
J0P,DBXT MSWorld US$,D,20131216,4.1000,4.1000,4.0900,4.0900,400,0
J0P,DBXT MSWorld US$,D,20131217,4.0900,4.0900,4.0900,4.0900,0,0
J0P,DBXT MSWorld US$,D,20131218,4.0900,4.0900,4.0900,4.0900,0,0
J0P,DBXT MSWorld US$,D,20131219,4.1800,4.1800,4.1800,4.1800,1020,0
J0P,DBXT MSWorld US$,D,20131220,4.1800,4.1800,4.1800,4.1800,20,0
J0P,DBXT MSWorld US$,D,20131223,4.1800,4.1800,4.1800,4.1800,0,0
J0P,DBXT MSWorld US$,D,20131224,4.2300,4.2400,4.2300,4.2400,1460,0
J0P,DBXT MSWorld US$,D,20131226,4.2400,4.2400,4.2400,4.2400,0,0
J0P,DBXT MSWorld US$,D,20131227,4.2400,4.2400,4.2400,4.2400,0,0
J0P,DBXT MSWorld US$,D,20131230,4.2800,4.2800,4.2800,4.2800,250,0
J0P,DBXT MSWorld US$,D,20131231,4.2800,4.2800,4.2800,4.2800,0,0
J0P,DBXT MSWorld US$,D,20140102,4.3000,4.3000,4.2600,4.2600,6600,0
J0P,DBXT MSWorld US$,D,20140103,4.2400,4.2500,4.2300,4.2500,5330,0
J0P,DBXT MSWorld US$,D,20140106,4.2500,4.2500,4.2500,4.2500,0,0
J0P,DBXT MSWorld US$,D,20140107,4.2400,4.2400,4.2400,4.2400,10,0
J0P,DBXT MSWorld US$,D,20140108,4.2700,4.2700,4.2700,4.2700,1830,0
J0P,DBXT MSWorld US$,D,20140109,4.2700,4.2700,4.2700,4.2700,0,0
J0P,DBXT MSWorld US$,D,20140110,4.2700,4.2700,4.2700,4.2700,1400,0
J0P,DBXT MSWorld US$,D,20140113,4.2900,4.2900,4.2900,4.2900,1000,0
J0P,DBXT MSWorld US$,D,20140114,4.2500,4.2500,4.2500,4.2500,1000,0
J0P,DBXT MSWorld US$,D,20140115,4.2500,4.2500,4.2500,4.2500,0,0
J0P,DBXT MSWorld US$,D,20140116,4.3000,4.3000,4.2900,4.2900,1060,0
J0P,DBXT MSWorld US$,D,20140117,4.2900,4.2900,4.2900,4.2900,110,0
J0P,DBXT MSWorld US$,D,20140120,4.2900,4.2900,4.2900,4.2900,0,0
J0P,DBXT MSWorld US$,D,20140121,4.2900,4.2900,4.2900,4.2900,520,0
J0P,DBXT MSWorld US$,D,20140122,4.3000,4.3000,4.3000,4.3000,200,0
J0P,DBXT MSWorld US$,D,20140123,4.3000,4.3000,4.3000,4.3000,0,0
J0P,DBXT MSWorld US$,D,20140124,4.2600,4.2800,4.2600,4.2800,21800,0
J0P,DBXT MSWorld US$,D,20140127,4.2800,4.2800,4.2800,4.2800,0,0
J0P,DBXT MSWorld US$,D,20140128,4.1800,4.1900,4.1800,4.1900,14040,0
J0P,DBXT MSWorld US$,D,20140129,4.1900,4.1900,4.1900,4.1900,0,0
J0P,DBXT MSWorld US$,D,20140130,4.1900,4.1900,4.1900,4.1900,0,0
J0P,DBXT MSWorld US$,D,20140203,4.1400,4.1500,4.1400,4.1500,7850,0
J0P,DBXT MSWorld US$,D,20140204,4.1500,4.1500,4.1500,4.1500,0,0
J0P,DBXT MSWorld US$,D,20140205,4.0800,4.0800,4.0600,4.0600,4290,0
J0P,DBXT MSWorld US$,D,20140206,4.0900,4.0900,4.0900,4.0900,1490,0
J0P,DBXT MSWorld US$,D,20140207,4.1300,4.1300,4.1300,4.1300,10,0
J0P,DBXT MSWorld US$,D,20140210,4.1900,4.1900,4.1900,4.1900,1190,0
J0P,DBXT MSWorld US$,D,20140211,4.1900,4.1900,4.1900,4.1900,0,0
J0P,DBXT MSWorld US$,D,20140212,4.1900,4.1900,4.1900,4.1900,0,0
J0P,DBXT MSWorld US$,D,20140213,4.2300,4.2400,4.2300,4.2400,2410,0
J0P,DBXT MSWorld US$,D,20140214,4.2700,4.2700,4.2700,4.2700,890,0
J0P,DBXT MSWorld US$,D,20140217,4.2700,4.2700,4.2700,4.2700,0,0
J0P,DBXT MSWorld US$,D,20140218,4.2700,4.2700,4.2700,4.2700,0,0
J0P,DBXT MSWorld US$,D,20140219,4.2700,4.2700,4.2700,4.2700,0,0
J0P,DBXT MSWorld US$,D,20140220,4.2700,4.2700,4.2700,4.2700,60,0
J0P,DBXT MSWorld US$,D,20140221,4.2700,4.2700,4.2700,4.2700,0,0
J0P,DBXT MSWorld US$,D,20140224,4.2900,4.2900,4.2900,4.2900,19140,0
J0P,DBXT MSWorld US$,D,20140225,4.3300,4.3300,4.3300,4.3300,2900,0
J0P,DBXT MSWorld US$,D,20140226,4.3300,4.3300,4.3300,4.3300,1100,0
J0P,DBXT MSWorld US$,D,20140227,4.3400,4.3400,4.3300,4.3300,4500,0
J0P,DBXT MSWorld US$,D,20140228,4.3300,4.3300,4.3300,4.3300,0,0
J0P,DBXT MSWorld US$,D,20140303,4.3100,4.3100,4.3100,4.3100,2000,0
J0P,DBXT MSWorld US$,D,20140304,4.3100,4.3300,4.3100,4.3300,4950,0
J0P,DBXT MSWorld US$,D,20140305,4.3500,4.3500,4.3500,4.3500,710,0
J0P,DBXT MSWorld US$,D,20140306,4.3700,4.3700,4.3700,4.3700,0,0
J0P,DBXT MSWorld US$,D,20140307,4.3800,4.3800,4.3800,4.3800,0,0
J0P,DBXT MSWorld US$,D,20140310,4.3500,4.3500,4.3500,4.3500,0,0
J0P,DBXT MSWorld US$,D,20140311,4.3500,4.3500,4.3500,4.3500,0,0
J0P,DBXT MSWorld US$,D,20140312,4.3100,4.3100,4.3100,4.3100,0,0
J0P,DBXT MSWorld US$,D,20140313,4.3300,4.3300,4.3300,4.3300,400,0
J0P,DBXT MSWorld US$,D,20140314,4.2700,4.2700,4.2600,4.2600,20740,0
J0P,DBXT MSWorld US$,D,20140317,4.2400,4.2400,4.2400,4.2400,2000,0
J0P,DBXT MSWorld US$,D,20140318,4.2800,4.2800,4.2800,4.2800,10,0
J0P,DBXT MSWorld US$,D,20140319,4.3200,4.3200,4.3200,4.3200,0,0
J0P,DBXT MSWorld US$,D,20140320,4.2700,4.2700,4.2700,4.2700,80,0
J0P,DBXT MSWorld US$,D,20140321,4.3000,4.3100,4.3000,4.3100,2520,0
J0P,DBXT MSWorld US$,D,20140324,4.3000,4.3000,4.3000,4.3000,0,0
J0P,DBXT MSWorld US$,D,20140325,4.3100,4.3100,4.2900,4.2900,8110,0
J0P,DBXT MSWorld US$,D,20140326,4.3200,4.3200,4.3200,4.3200,0,0
J0P,DBXT MSWorld US$,D,20140327,4.3000,4.3000,4.3000,4.3000,600,0
J0P,DBXT MSWorld US$,D,20140328,4.3100,4.3200,4.3100,4.3200,9220,0
J0P,DBXT MSWorld US$,D,20140331,4.3400,4.3400,4.3400,4.3400,0,0
J0P,DBXT MSWorld US$,D,20140401,4.3600,4.3600,4.3600,4.3600,22600,0
J0P,DBXT MSWorld US$,D,20140402,4.3900,4.3900,4.3900,4.3900,0,0
J0P,DBXT MSWorld US$,D,20140403,4.3500,4.3900,4.3500,4.3900,1400,0
J0P,DBXT MSWorld US$,D,20140404,4.3900,4.3900,4.3900,4.3900,2610,0
J0P,DBXT MSWorld US$,D,20140407,4.3300,4.3300,4.3300,4.3300,0,0
J0P,DBXT MSWorld US$,D,20140408,4.3100,4.3100,4.3100,4.3100,0,0
J0P,DBXT MSWorld US$,D,20140409,4.3300,4.3300,4.3300,4.3300,1000,0
J0P,DBXT MSWorld US$,D,20140410,4.3600,4.3600,4.3600,4.3600,0,0
J0P,DBXT MSWorld US$,D,20140411,4.3000,4.3000,4.3000,4.3000,10,0
J0P,DBXT MSWorld US$,D,20140414,4.2500,4.2500,4.2500,4.2500,890,0
J0P,DBXT MSWorld US$,D,20140415,4.2700,4.2700,4.2700,4.2700,0,0
J0P,DBXT MSWorld US$,D,20140416,4.3100,4.3100,4.3100,4.3100,0,0
J0P,DBXT MSWorld US$,D,20140417,4.3300,4.3300,4.3200,4.3200,1810,0
J0P,DBXT MSWorld US$,D,20140421,4.3400,4.3400,4.3400,4.3400,0,0
J0P,DBXT MSWorld US$,D,20140422,4.3500,4.3500,4.3500,4.3500,1000,0
J0P,DBXT MSWorld US$,D,20140423,4.3900,4.3900,4.3900,4.3900,780,0
J0P,DBXT MSWorld US$,D,20140424,4.3900,4.3900,4.3900,4.3900,100,0
J0P,DBXT MSWorld US$,D,20140425,4.3700,4.3700,4.3700,4.3700,230,0
J0P,DBXT MSWorld US$,D,20140428,4.3500,4.3700,4.3500,4.3700,2680,0
J0P,DBXT MSWorld US$,D,20140429,4.4500,4.4500,4.3600,4.3700,5360,0
J0P,DBXT MSWorld US$,D,20140430,4.3700,4.3700,4.3700,4.3700,15000,0
J0P,DBXT MSWorld US$,D,20140502,4.3900,4.4000,4.3900,4.4000,17710,0
J0P,DBXT MSWorld US$,D,20140505,4.4000,4.4000,4.3800,4.3800,100,0
J0P,DBXT MSWorld US$,D,20140506,4.4100,4.4100,4.4100,4.4100,400,0
J0P,DBXT MSWorld US$,D,20140507,4.3800,4.3800,4.3800,4.3800,10,0
J0P,DBXT MSWorld US$,D,20140508,4.3900,4.4000,4.3900,4.4000,3050,0
J0P,DBXT MSWorld US$,D,20140509,4.3900,4.3900,4.3900,4.3900,690,0
J0P,DBXT MSWorld US$,D,20140512,4.3900,4.3900,4.3900,4.3900,1010,0
J0P,DBXT MSWorld US$,D,20140514,4.3900,4.4300,4.3900,4.4300,2410,0
J0P,DBXT MSWorld US$,D,20140515,4.4000,4.4000,4.4000,4.4000,0,0
J0P,DBXT MSWorld US$,D,20140516,4.3800,4.3800,4.3800,4.3800,8660,0
J0P,DBXT MSWorld US$,D,20140519,4.3800,4.3800,4.3700,4.3700,20,0
J0P,DBXT MSWorld US$,D,20140520,4.3900,4.3900,4.3900,4.3900,0,0
J0P,DBXT MSWorld US$,D,20140521,4.3800,4.3800,4.3800,4.3800,0,0
J0P,DBXT MSWorld US$,D,20140522,4.4000,4.4000,4.4000,4.4000,10000,0
J0P,DBXT MSWorld US$,D,20140523,4.4300,4.4300,4.4200,4.4200,2580,0
J0P,DBXT MSWorld US$,D,20140526,4.4100,4.4300,4.4100,4.4300,43600,0
J0P,DBXT MSWorld US$,D,20140527,4.4400,4.4400,4.4400,4.4400,18250,0
J0P,DBXT MSWorld US$,D,20140528,4.4700,4.4700,4.4500,4.4500,740,0
J0P,DBXT MSWorld US$,D,20140529,4.4700,4.4700,4.4700,4.4700,1720,0
J0P,DBXT MSWorld US$,D,20140530,4.4700,4.4700,4.4600,4.4700,37770,0
J0P,DBXT MSWorld US$,D,20140602,4.4800,4.4800,4.4800,4.4800,550,0
J0P,DBXT MSWorld US$,D,20140603,4.4800,4.4800,4.4800,4.4800,15410,0
J0P,DBXT MSWorld US$,D,20140604,4.4600,4.4600,4.4600,4.4600,27650,0
J0P,DBXT MSWorld US$,D,20140605,4.4800,4.4800,4.4800,4.4800,1000,0
J0P,DBXT MSWorld US$,D,20140606,4.5100,4.5100,4.5100,4.5100,0,0
J0P,DBXT MSWorld US$,D,20140609,4.5400,4.5400,4.5300,4.5300,930,0
J0P,DBXT MSWorld US$,D,20140610,4.5300,4.5300,4.5300,4.5300,560,0
J0P,DBXT MSWorld US$,D,20140611,4.5300,4.5300,4.5300,4.5300,10,0
J0P,DBXT MSWorld US$,D,20140612,4.5200,4.5200,4.5200,4.5200,0,0
J0P,DBXT MSWorld US$,D,20140613,4.5100,4.5100,4.5100,4.5100,1550,0
J0P,DBXT MSWorld US$,D,20140616,4.5100,4.5100,4.5100,4.5100,900,0
J0P,DBXT MSWorld US$,D,20140617,4.5200,4.5200,4.5200,4.5200,0,0
J0P,DBXT MSWorld US$,D,20140618,4.5200,4.5200,4.5200,4.5200,0,0
J0P,DBXT MSWorld US$,D,20140619,4.5700,4.5700,4.5700,4.5700,10,0
J0P,DBXT MSWorld US$,D,20140620,4.5700,4.5700,4.5700,4.5700,1040,0
J0P,DBXT MSWorld US$,D,20140623,4.5500,4.5500,4.5500,4.5500,0,0
J0P,DBXT MSWorld US$,D,20140624,4.5700,4.5700,4.5700,4.5700,70,0
J0P,DBXT MSWorld US$,D,20140625,4.5400,4.5400,4.5400,4.5400,0,0
J0P,DBXT MSWorld US$,D,20140626,4.5500,4.5500,4.5500,4.5500,1700,0
J0P,DBXT MSWorld US$,D,20140627,4.5300,4.5300,4.5300,4.5300,0,0
J0P,DBXT MSWorld US$,D,20140630,4.5500,4.5500,4.5500,4.5500,4960,0
J0P,DBXT MSWorld US$,D,20140701,4.9300,4.9300,4.5600,4.5600,5000,0
J0P,DBXT MSWorld US$,D,20140702,4.5900,4.5900,4.5900,4.5900,0,0
J0P,DBXT MSWorld US$,D,20140703,4.5900,4.5900,4.5900,4.5900,0,0
J0P,DBXT MSWorld US$,D,20140704,4.6100,4.6200,4.6100,4.6100,2980,0
J0P,DBXT MSWorld US$,D,20140707,4.5900,4.5900,4.5900,4.5900,0,0
J0P,DBXT MSWorld US$,D,20140708,4.5800,4.5800,4.5800,4.5800,50,0
J0P,DBXT MSWorld US$,D,20140709,4.5500,4.5500,4.5500,4.5500,700,0
J0P,DBXT MSWorld US$,D,20140710,4.5500,4.5500,4.5500,4.5500,370,0
J0P,DBXT MSWorld US$,D,20140711,4.5400,4.5400,4.5400,4.5400,620,0
J0P,DBXT MSWorld US$,D,20140714,4.5500,4.5500,4.5500,4.5500,700,0
J0P,DBXT MSWorld US$,D,20140715,4.5700,4.5700,4.5700,4.5700,0,0
J0P,DBXT MSWorld US$,D,20140716,4.5700,4.5700,4.5700,4.5700,0,0
J0P,DBXT MSWorld US$,D,20140717,4.5800,4.5800,4.5800,4.5800,10,0
J0P,DBXT MSWorld US$,D,20140718,4.5400,4.5400,4.5400,4.5400,1470,0
J0P,DBXT MSWorld US$,D,20140721,4.5700,4.5700,4.5500,4.5500,2160,0
J0P,DBXT MSWorld US$,D,20140722,4.5700,4.5700,4.5700,4.5700,1070,0
J0P,DBXT MSWorld US$,D,20140723,4.5900,4.5900,4.5900,4.5900,0,0
J0P,DBXT MSWorld US$,D,20140724,4.6000,4.6000,4.6000,4.6000,0,0
J0P,DBXT MSWorld US$,D,20140725,4.5100,4.6000,4.5100,4.5900,5290,0
J0P,DBXT MSWorld US$,D,20140729,4.5900,4.5900,4.5800,4.5800,3820,0
J0P,DBXT MSWorld US$,D,20140730,4.5600,4.5600,4.5600,4.5600,0,0
J0P,DBXT MSWorld US$,D,20140731,4.5200,4.5200,4.5200,4.5200,0,0
J0P,DBXT MSWorld US$,D,20140801,4.5000,4.5000,4.4600,4.4600,2480,0
J0P,DBXT MSWorld US$,D,20140804,4.4800,4.4800,4.4800,4.4800,400,0
J0P,DBXT MSWorld US$,D,20140805,4.4800,4.4900,4.4700,4.4900,16510,0
J0P,DBXT MSWorld US$,D,20140806,4.4300,4.4300,4.4300,4.4300,0,0
J0P,DBXT MSWorld US$,D,20140807,4.4200,4.4500,4.4200,4.4300,2860,0
J0P,DBXT MSWorld US$,D,20140808,4.3900,4.3900,4.3900,4.3900,690,0
J0P,DBXT MSWorld US$,D,20140811,4.4400,4.4400,4.4400,4.4400,900,0
J0P,DBXT MSWorld US$,D,20140812,4.4600,4.4600,4.4600,4.4600,0,0
J0P,DBXT MSWorld US$,D,20140813,4.4600,4.4600,4.4600,4.4600,60,0
J0P,DBXT MSWorld US$,D,20140814,4.4700,4.4700,4.4700,4.4700,0,0
J0P,DBXT MSWorld US$,D,20140815,4.5000,4.5000,4.5000,4.5000,690,0
J0P,DBXT MSWorld US$,D,20140818,4.5200,4.5200,4.5200,4.5200,850,0
J0P,DBXT MSWorld US$,D,20140819,4.5400,4.5400,4.5400,4.5400,0,0
J0P,DBXT MSWorld US$,D,20140820,4.5500,4.5500,4.5500,4.5500,70,0
J0P,DBXT MSWorld US$,D,20140821,4.5500,4.5500,4.5500,4.5500,800,0
J0P,DBXT MSWorld US$,D,20140822,4.5800,4.5900,4.5800,4.5900,510,0
J0P,DBXT MSWorld US$,D,20140825,4.5800,4.5800,4.5800,4.5800,680,0
J0P,DBXT MSWorld US$,D,20140826,4.5800,4.5800,4.5800,4.5800,0,0
J0P,DBXT MSWorld US$,D,20140827,4.5800,4.5800,4.5800,4.5800,650,0
J0P,DBXT MSWorld US$,D,20140828,4.5900,4.5900,4.5900,4.5900,0,0
J0P,DBXT MSWorld US$,D,20140829,4.5900,4.5900,4.5900,4.5900,680,0
J0P,DBXT MSWorld US$,D,20140901,4.6000,4.6000,4.6000,4.6000,10,0
J0P,DBXT MSWorld US$,D,20140902,4.6000,4.6000,4.6000,4.6000,0,0
J0P,DBXT MSWorld US$,D,20140903,4.6100,4.6100,4.6100,4.6100,250,0
J0P,DBXT MSWorld US$,D,20140904,4.5900,4.5900,4.5900,4.5900,0,0
J0P,DBXT MSWorld US$,D,20140905,4.5900,4.5900,4.5900,4.5900,980,0
J0P,DBXT MSWorld US$,D,20140908,4.5900,4.5900,4.5900,4.5900,1080,0
J0P,DBXT MSWorld US$,D,20140909,4.5800,4.5800,4.5800,4.5800,10,0
J0P,DBXT MSWorld US$,D,20140910,4.5600,4.5600,4.5600,4.5600,2400,0
J0P,DBXT MSWorld US$,D,20140911,4.5500,4.5500,4.5500,4.5500,0,0
J0P,DBXT MSWorld US$,D,20140912,4.5700,4.5700,4.5600,4.5600,960,0
J0P,DBXT MSWorld US$,D,20140915,4.5300,4.5300,4.5300,4.5300,2440,0
J0P,DBXT MSWorld US$,D,20140916,4.5200,4.5200,4.5200,4.5200,0,0
J0P,DBXT MSWorld US$,D,20140917,4.5600,4.5600,4.5600,4.5600,790,0
J0P,DBXT MSWorld US$,D,20140918,4.5700,4.5700,4.5700,4.5700,0,0
J0P,DBXT MSWorld US$,D,20140919,4.6000,4.6000,4.6000,4.6000,600,0
J0P,DBXT MSWorld US$,D,20140922,4.5500,4.5500,4.5500,4.5500,0,0
J0P,DBXT MSWorld US$,D,20140923,4.5400,4.5400,4.5400,4.5400,80,0
J0P,DBXT MSWorld US$,D,20140924,4.5000,4.5000,4.5000,4.5000,0,0
J0P,DBXT MSWorld US$,D,20140925,4.5300,4.5300,4.5300,4.5300,310,0
J0P,DBXT MSWorld US$,D,20140926,4.4800,4.4800,4.4800,4.4800,710,0
J0P,DBXT MSWorld US$,D,20140929,4.4900,4.4900,4.4900,4.4900,10,0
J0P,DBXT MSWorld US$,D,20140930,4.4700,4.4700,4.4700,4.4700,0,0
J0P,DBXT MSWorld US$,D,20141001,4.4500,4.4500,4.4500,4.4500,300,0
J0P,DBXT MSWorld US$,D,20141002,4.4100,4.4100,4.4100,4.4100,2360,0
J0P,DBXT MSWorld US$,D,20141003,4.4100,4.4100,4.4100,4.4100,0,0
J0P,DBXT MSWorld US$,D,20141007,4.4300,4.4300,4.4300,4.4300,1600,0
J0P,DBXT MSWorld US$,D,20141008,4.3800,4.3800,4.3800,4.3800,300,0
J0P,DBXT MSWorld US$,D,20141009,4.4300,4.4300,4.4300,4.4300,1000,0
J0P,DBXT MSWorld US$,D,20141010,4.3300,4.3300,4.3200,4.3200,2670,0
J0P,DBXT MSWorld US$,D,20141013,4.2700,4.2700,4.2700,4.2700,0,0
J0P,DBXT MSWorld US$,D,20141014,4.2500,4.2500,4.2500,4.2500,1000,0
J0P,DBXT MSWorld US$,D,20141015,4.2100,4.2100,4.2100,4.2100,0,0
J0P,DBXT MSWorld US$,D,20141016,4.1900,4.1900,4.1700,4.1700,5020,0
J0P,DBXT MSWorld US$,D,20141017,4.2000,4.2000,4.2000,4.2000,1000,0
J0P,DBXT MSWorld US$,D,20141020,4.2800,4.2800,4.2800,4.2800,9000,0
J0P,DBXT MSWorld US$,D,20141021,4.2900,4.2900,4.2900,4.2900,10,0
J0P,DBXT MSWorld US$,D,20141023,4.3500,4.3500,4.3500,4.3500,1010,0
J0P,DBXT MSWorld US$,D,20141024,4.3800,4.3800,4.3800,4.3800,4000,0
J0P,DBXT MSWorld US$,D,20141027,4.4100,4.4100,4.4100,4.4100,0,0
J0P,DBXT MSWorld US$,D,20141028,4.4000,4.4000,4.4000,4.4000,0,0
J0P,DBXT MSWorld US$,D,20141029,4.4300,4.4300,4.4300,4.4300,0,0
J0P,DBXT MSWorld US$,D,20141030,4.4200,4.4200,4.4200,4.4200,900,0
J0P,DBXT MSWorld US$,D,20141031,4.4400,4.4400,4.4400,4.4400,7110,0
J0P,DBXT MSWorld US$,D,20141103,4.5000,4.5000,4.4900,4.4900,900,0
J0P,DBXT MSWorld US$,D,20141104,4.4800,4.4800,4.4800,4.4800,0,0
J0P,DBXT MSWorld US$,D,20141105,4.4600,4.4600,4.4600,4.4600,0,0
J0P,DBXT MSWorld US$,D,20141106,4.4700,4.4700,4.4700,4.4700,0,0
J0P,DBXT MSWorld US$,D,20141107,4.4800,4.5000,4.4800,4.5000,840,0
J0P,DBXT MSWorld US$,D,20141110,4.5100,4.5200,4.5100,4.5200,700,0
J0P,DBXT MSWorld US$,D,20141111,4.5300,4.5300,4.5300,4.5300,0,0
J0P,DBXT MSWorld US$,D,20141112,4.5300,4.5300,4.5300,4.5300,200,0
J0P,DBXT MSWorld US$,D,20141113,4.5300,4.5300,4.5300,4.5300,150,0
J0P,DBXT MSWorld US$,D,20141114,4.5200,4.5200,4.5200,4.5200,1340,0
J0P,DBXT MSWorld US$,D,20141117,4.5200,4.5200,4.5200,4.5200,0,0
J0P,DBXT MSWorld US$,D,20141118,4.5200,4.5200,4.5200,4.5200,0,0
J0P,DBXT MSWorld US$,D,20141119,4.5400,4.5400,4.5400,4.5400,1000,0
J0P,DBXT MSWorld US$,D,20141120,4.5400,4.5400,4.5400,4.5400,110,0
J0P,DBXT MSWorld US$,D,20141121,4.5500,4.5500,4.5500,4.5500,530,0
J0P,DBXT MSWorld US$,D,20141124,4.5500,4.5500,4.5500,4.5500,0,0
J0P,DBXT MSWorld US$,D,20141125,4.5500,4.5500,4.5500,4.5500,0,0
J0P,DBXT MSWorld US$,D,20141126,4.5500,4.5500,4.5500,4.5500,0,0
J0P,DBXT MSWorld US$,D,20141127,4.5500,4.5500,4.5500,4.5500,0,0
J0P,DBXT MSWorld US$,D,20141128,4.5900,4.6000,4.5900,4.6000,530,0
J0P,DBXT MSWorld US$,D,20141201,4.6000,4.6000,4.6000,4.6000,0,0
J0P,DBXT MSWorld US$,D,20141202,4.6000,4.6000,4.6000,4.6000,0,0
J0P,DBXT MSWorld US$,D,20141203,4.5600,4.5600,4.5600,4.5600,16760,0
J0P,DBXT MSWorld US$,D,20141204,4.5800,4.5800,4.5800,4.5800,210,0
J0P,DBXT MSWorld US$,D,20141205,4.5900,4.5900,4.5800,4.5800,380,0
J0P,DBXT MSWorld US$,D,20141208,4.5800,4.5800,4.5800,4.5800,3450,0
J0P,DBXT MSWorld US$,D,20141209,4.5800,4.5800,4.5800,4.5800,0,0
J0P,DBXT MSWorld US$,D,20141210,4.5200,4.5200,4.5200,4.5200,1000,0
J0P,DBXT MSWorld US$,D,20141211,4.5200,4.5200,4.5200,4.5200,0,0
J0P,DBXT MSWorld US$,D,20141212,4.4800,4.4800,4.4800,4.4800,11050,0
J0P,DBXT MSWorld US$,D,20141215,4.4100,4.4100,4.4100,4.4100,9300,0
J0P,DBXT MSWorld US$,D,20141216,4.4100,4.4100,4.4100,4.4100,0,0
J0P,DBXT MSWorld US$,D,20141217,4.3700,4.3700,4.3500,4.3600,5400,0
J0P,DBXT MSWorld US$,D,20141218,4.3600,4.3600,4.3600,4.3600,0,0
J0P,DBXT MSWorld US$,D,20141219,4.5200,4.5200,4.5200,4.5200,1000,0
J0P,DBXT MSWorld US$,D,20141222,5.0000,5.0000,4.5300,4.5500,29000,0
J0P,DBXT MSWorld US$,D,20141223,4.5600,4.5600,4.5600,4.5600,2200,0
J0P,DBXT MSWorld US$,D,20141224,4.5600,4.5600,4.5600,4.5600,0,0
J0P,DBXT MSWorld US$,D,20141226,4.5600,4.5600,4.5600,4.5600,0,0
J0P,DBXT MSWorld US$,D,20141229,4.5800,4.5800,4.5800,4.5800,1600,0
J0P,DBXT MSWorld US$,D,20141230,4.5700,4.5700,4.5600,4.5600,27040,0
J0P,DBXT MSWorld US$,D,20141231,4.5600,4.5600,4.5600,4.5600,0,0
J0P,DBXT MSWorld US$,D,20150102,4.4800,4.5200,4.4800,4.5200,4660,0
J0P,DBXT MSWorld US$,D,20150105,4.5100,4.5100,4.4800,4.4800,22920,0
J0P,DBXT MSWorld US$,D,20150106,4.4800,4.4800,4.4800,4.4800,0,0
J0P,DBXT MSWorld US$,D,20150107,4.3700,4.3700,4.3700,4.3700,10,0
J0P,DBXT MSWorld US$,D,20150108,4.3700,4.3700,4.3700,4.3700,0,0
J0P,DBXT MSWorld US$,D,20150109,4.4600,4.4800,4.4600,4.4800,360,0
J0P,DBXT MSWorld US$,D,20150112,4.4800,4.4800,4.4600,4.4600,3590,0
J0P,DBXT MSWorld US$,D,20150113,4.4400,4.4400,4.4400,4.4400,10,0
J0P,DBXT MSWorld US$,D,20150114,4.4400,4.4400,4.4400,4.4400,0,0
J0P,DBXT MSWorld US$,D,20150115,4.4600,4.4600,4.4400,4.4400,2380,0
J0P,DBXT MSWorld US$,D,20150116,4.4300,4.4300,4.3800,4.3800,4240,0
J0P,DBXT MSWorld US$,D,20150119,4.4500,4.4500,4.4300,4.4300,1200,0
J0P,DBXT MSWorld US$,D,20150120,4.4300,4.4300,4.4300,4.4300,0,0
J0P,DBXT MSWorld US$,D,20150121,4.4300,4.4300,4.4300,4.4300,0,0
J0P,DBXT MSWorld US$,D,20150122,4.4900,4.4900,4.4900,4.4900,10,0
J0P,DBXT MSWorld US$,D,20150123,4.4900,4.4900,4.4900,4.4900,0,0
J0P,DBXT MSWorld US$,D,20150126,4.4800,4.4800,4.4800,4.4800,750,0
J0P,DBXT MSWorld US$,D,20150127,4.4800,4.4800,4.4800,4.4800,0,0
J0P,DBXT MSWorld US$,D,20150128,4.4800,4.4800,4.4800,4.4800,0,0
J0P,DBXT MSWorld US$,D,20150129,4.4500,4.4500,4.4500,4.4500,100,0
J0P,DBXT MSWorld US$,D,20150130,4.4900,4.4900,4.4700,4.4700,4510,0
J0P,DBXT MSWorld US$,D,20150202,4.4500,4.4500,4.4500,4.4500,900,0
J0P,DBXT MSWorld US$,D,20150203,4.4800,4.4800,4.4800,4.4800,200,0
J0P,DBXT MSWorld US$,D,20150204,4.5300,4.5500,4.5300,4.5500,2740,0
J0P,DBXT MSWorld US$,D,20150205,4.5000,4.5000,4.5000,4.5000,230,0
J0P,DBXT MSWorld US$,D,20150206,4.5000,4.5000,4.5000,4.5000,0,0
J0P,DBXT MSWorld US$,D,20150209,4.5300,4.5300,4.5300,4.5300,1560,0
J0P,DBXT MSWorld US$,D,20150210,4.5300,4.5300,4.5300,4.5300,1120,0
J0P,DBXT MSWorld US$,D,20150211,4.5300,4.5300,4.5300,4.5300,0,0
J0P,DBXT MSWorld US$,D,20150212,4.5500,4.5500,4.5500,4.5500,100,0
J0P,DBXT MSWorld US$,D,20150213,4.5500,4.5500,4.5500,4.5500,0,0
J0P,DBXT MSWorld US$,D,20150216,4.6500,4.6500,4.6500,4.6500,760,0
J0P,DBXT MSWorld US$,D,20150217,4.6200,4.6200,4.6200,4.6200,1000,0
J0P,DBXT MSWorld US$,D,20150218,4.6700,4.6700,4.6700,4.6700,10,0
J0P,DBXT MSWorld US$,D,20150223,4.7000,4.7000,4.7000,4.7000,1170,0
J0P,DBXT MSWorld US$,D,20150224,4.7000,4.7000,4.7000,4.7000,0,0
J0P,DBXT MSWorld US$,D,20150225,4.7100,4.7100,4.7100,4.7100,2980,0
J0P,DBXT MSWorld US$,D,20150226,4.7100,4.7100,4.7100,4.7100,0,0
J0P,DBXT MSWorld US$,D,20150227,4.7000,4.7000,4.7000,4.7000,2350,0
J0P,DBXT MSWorld US$,D,20150302,4.6900,4.6900,4.6900,4.6900,1000,0
J0P,DBXT MSWorld US$,D,20150303,4.7100,4.7100,4.7100,4.7100,2010,0
J0P,DBXT MSWorld US$,D,20150304,4.7000,4.7000,4.6800,4.6800,2080,0
J0P,DBXT MSWorld US$,D,20150305,4.6700,4.6700,4.6700,4.6700,200,0
J0P,DBXT MSWorld US$,D,20150306,4.6900,4.6900,4.6900,4.6900,450,0
J0P,DBXT MSWorld US$,D,20150309,4.6900,4.6900,4.6100,4.6100,5590,0
J0P,DBXT MSWorld US$,D,20150310,4.6100,4.6100,4.6100,4.6100,160,0
J0P,DBXT MSWorld US$,D,20150311,4.5500,4.5500,4.5400,4.5400,5270,0
J0P,DBXT MSWorld US$,D,20150312,4.5400,4.5400,4.5400,4.5400,0,0
J0P,DBXT MSWorld US$,D,20150313,4.6000,4.6000,4.6000,4.6000,1000,0
J0P,DBXT MSWorld US$,D,20150316,4.6000,4.6000,4.6000,4.6000,0,0
J0P,DBXT MSWorld US$,D,20150317,4.6000,4.6000,4.6000,4.6000,29300,0
J0P,DBXT MSWorld US$,D,20150318,4.6300,4.6300,4.6300,4.6300,10,0
J0P,DBXT MSWorld US$,D,20150319,4.6900,4.6900,4.6900,4.6900,120,0
J0P,DBXT MSWorld US$,D,20150320,4.6700,4.6700,4.6700,4.6700,380,0
J0P,DBXT MSWorld US$,D,20150323,4.6700,4.6700,4.6700,4.6700,0,0
J0P,DBXT MSWorld US$,D,20150324,4.6700,4.6700,4.6700,4.6700,0,0
J0P,DBXT MSWorld US$,D,20150325,4.6700,4.6700,4.6700,4.6700,0,0
J0P,DBXT MSWorld US$,D,20150326,4.6700,4.6700,4.6700,4.6700,0,0
J0P,DBXT MSWorld US$,D,20150327,4.6600,4.6600,4.6400,4.6400,2710,0
J0P,DBXT MSWorld US$,D,20150330,4.6400,4.6400,4.6400,4.6400,0,0
J0P,DBXT MSWorld US$,D,20150331,4.6400,4.6400,4.6400,4.6400,10,0
J0P,DBXT MSWorld US$,D,20150401,4.6400,4.6400,4.6400,4.6400,1300,0
J0P,DBXT MSWorld US$,D,20150402,4.6200,4.6400,4.6200,4.6400,4760,0
J0P,DBXT MSWorld US$,D,20150406,4.6500,4.6500,4.6500,4.6500,10,0
J0P,DBXT MSWorld US$,D,20150407,4.7100,4.7100,4.7100,4.7100,430,0
J0P,DBXT MSWorld US$,D,20150408,4.7100,4.7100,4.7100,4.7100,450,0
J0P,DBXT MSWorld US$,D,20150409,4.7100,4.7100,4.7100,4.7100,0,0
J0P,DBXT MSWorld US$,D,20150410,4.7100,4.7100,4.7100,4.7100,0,0
J0P,DBXT MSWorld US$,D,20150413,4.7100,4.7100,4.7100,4.7100,0,0
J0P,DBXT MSWorld US$,D,20150414,4.7000,4.7000,4.6900,4.6900,15000,0
J0P,DBXT MSWorld US$,D,20150415,4.6900,4.6900,4.6900,4.6900,0,0
J0P,DBXT MSWorld US$,D,20150416,4.6900,4.6900,4.6900,4.6900,0,0
J0P,DBXT MSWorld US$,D,20150417,4.7400,4.7400,4.7300,4.7400,2860,0
J0P,DBXT MSWorld US$,D,20150420,4.7200,4.7200,4.7200,4.7200,430,0
J0P,DBXT MSWorld US$,D,20150421,4.7200,4.7200,4.7200,4.7200,0,0
J0P,DBXT MSWorld US$,D,20150422,4.7400,4.7400,4.7400,4.7400,500,0
J0P,DBXT MSWorld US$,D,20150423,4.7300,4.7300,4.7300,4.7300,8000,0
J0P,DBXT MSWorld US$,D,20150424,4.7700,4.7700,4.7700,4.7700,10,0
J0P,DBXT MSWorld US$,D,20150427,4.7700,4.7700,4.7700,4.7700,0,0
J0P,DBXT MSWorld US$,D,20150428,4.7700,4.7700,4.7700,4.7700,0,0
J0P,DBXT MSWorld US$,D,20150429,4.7700,4.7700,4.7700,4.7700,0,0
J0P,DBXT MSWorld US$,D,20150430,4.7600,4.7600,4.7600,4.7600,4000,0
J0P,DBXT MSWorld US$,D,20150504,4.7500,4.7500,4.7500,4.7500,1190,0
J0P,DBXT MSWorld US$,D,20150505,4.7700,4.7700,4.7700,4.7700,510,0
J0P,DBXT MSWorld US$,D,20150506,4.5000,4.7100,4.5000,4.7100,160,0
J0P,DBXT MSWorld US$,D,20150507,4.7100,4.7100,4.7100,4.7100,0,0
J0P,DBXT MSWorld US$,D,20150508,4.7100,4.7100,4.7100,4.7100,0,0
J0P,DBXT MSWorld US$,D,20150511,4.7800,4.7800,4.7800,4.7800,750,0
J0P,DBXT MSWorld US$,D,20150512,4.7800,4.7800,4.7500,4.7500,1400,0
J0P,DBXT MSWorld US$,D,20150513,4.7800,4.7900,4.7800,4.7900,1200,0
J0P,DBXT MSWorld US$,D,20150514,4.7600,4.7600,4.7600,4.7600,1000,0
J0P,DBXT MSWorld US$,D,20150515,4.8300,4.8300,4.8300,4.8300,530,0
J0P,DBXT MSWorld US$,D,20150518,4.8300,4.8300,4.8200,4.8200,110,0
J0P,DBXT MSWorld US$,D,20150519,4.8400,4.8400,4.8400,4.8400,120,0
J0P,DBXT MSWorld US$,D,20150520,4.8400,4.8400,4.8400,4.8400,0,0
J0P,DBXT MSWorld US$,D,20150521,4.8100,4.8100,4.8100,4.8100,800,0
J0P,DBXT MSWorld US$,D,20150522,4.8400,4.8400,4.8400,4.8400,10,0
J0P,DBXT MSWorld US$,D,20150525,4.8400,4.8400,4.8400,4.8400,0,0
J0P,DBXT MSWorld US$,D,20150526,4.7900,4.7900,4.7900,4.7900,2020,0
J0P,DBXT MSWorld US$,D,20150527,4.8100,4.8100,4.7700,4.7700,14040,0
J0P,DBXT MSWorld US$,D,20150528,4.7700,4.7700,4.7700,4.7700,0,0
J0P,DBXT MSWorld US$,D,20150529,4.8100,4.8100,4.8100,4.8100,1010,0
J0P,DBXT MSWorld US$,D,20150602,4.7700,4.7700,4.7700,4.7700,300,0
J0P,DBXT MSWorld US$,D,20150603,4.6300,4.7600,4.6300,4.7500,42510,0
J0P,DBXT MSWorld US$,D,20150604,4.7700,4.7700,4.7700,4.7700,900,0
J0P,DBXT MSWorld US$,D,20150605,4.7700,4.7700,4.7200,4.7200,1470,0
J0P,DBXT MSWorld US$,D,20150608,4.7000,4.7000,4.7000,4.7000,10,0
J0P,DBXT MSWorld US$,D,20150609,4.7000,4.7000,4.7000,4.7000,0,0
J0P,DBXT MSWorld US$,D,20150610,4.6800,4.6800,4.6800,4.6800,12700,0
J0P,DBXT MSWorld US$,D,20150611,4.6800,4.6800,4.6800,4.6800,0,0
J0P,DBXT MSWorld US$,D,20150612,4.7500,4.7500,4.7500,4.7500,2000,0
J0P,DBXT MSWorld US$,D,20150615,4.7100,4.7100,4.7000,4.7000,2010,0
J0P,DBXT MSWorld US$,D,20150616,4.7000,4.7000,4.6700,4.6700,3590,0
J0P,DBXT MSWorld US$,D,20150617,4.7000,4.7000,4.7000,4.7000,310,0
J0P,DBXT MSWorld US$,D,20150618,4.7200,4.7200,4.7200,4.7200,120,0
J0P,DBXT MSWorld US$,D,20150619,4.7600,4.7700,4.7600,4.7700,10900,0
J0P,DBXT MSWorld US$,D,20150622,4.7700,4.7700,4.7700,4.7700,0,0
J0P,DBXT MSWorld US$,D,20150623,4.7700,4.7700,4.7700,4.7700,0,0
J0P,DBXT MSWorld US$,D,20150624,4.8000,4.8000,4.8000,4.8000,8000,0
J0P,DBXT MSWorld US$,D,20150625,4.7800,4.7800,4.7800,4.7800,70,0
J0P,DBXT MSWorld US$,D,20150626,4.9000,4.9000,4.7600,4.7700,1540,0
J0P,DBXT MSWorld US$,D,20150629,4.6700,4.6700,4.6700,4.6700,5970,0
J0P,DBXT MSWorld US$,D,20150630,4.6300,4.6500,4.6300,4.6500,1350,0
J0P,DBXT MSWorld US$,D,20150701,4.6600,4.6800,4.6600,4.6800,2910,0
J0P,DBXT MSWorld US$,D,20150702,4.6800,4.6800,4.6800,4.6800,0,0
J0P,DBXT MSWorld US$,D,20150703,4.6800,4.6800,4.6800,4.6800,3100,0
J0P,DBXT MSWorld US$,D,20150706,4.6200,4.6200,4.6000,4.6000,810,0
J0P,DBXT MSWorld US$,D,20150707,4.6000,4.6000,4.6000,4.6000,0,0
J0P,DBXT MSWorld US$,D,20150708,4.6000,4.6100,4.5700,4.5700,2440,0
J0P,DBXT MSWorld US$,D,20150709,4.5800,4.5800,4.5800,4.5800,40,0
J0P,DBXT MSWorld US$,D,20150710,4.5800,4.5800,4.5800,4.5800,0,0
J0P,DBXT MSWorld US$,D,20150713,4.6800,4.7100,4.6800,4.7100,820,0
J0P,DBXT MSWorld US$,D,20150714,3.7600,4.7300,3.7600,4.7300,760,0
J0P,DBXT MSWorld US$,D,20150715,4.7800,4.7800,4.7800,4.7800,1540,0
J0P,DBXT MSWorld US$,D,20150716,4.7500,4.7600,4.7500,4.7600,820,0
J0P,DBXT MSWorld US$,D,20150720,4.8000,4.8100,4.8000,4.8100,1050,0
J0P,DBXT MSWorld US$,D,20150721,4.8100,4.8100,4.8100,4.8100,0,0
J0P,DBXT MSWorld US$,D,20150722,4.9400,4.9400,4.7600,4.7600,7940,0
J0P,DBXT MSWorld US$,D,20150723,4.7600,4.7600,4.7600,4.7600,0,0
J0P,DBXT MSWorld US$,D,20150724,4.7500,4.7500,4.7500,4.7500,600,0
J0P,DBXT MSWorld US$,D,20150727,4.6800,4.6800,4.6800,4.6800,1290,0
J0P,DBXT MSWorld US$,D,20150728,4.7000,4.7000,4.7000,4.7000,10,0
J0P,DBXT MSWorld US$,D,20150729,4.7100,4.7100,4.7100,4.7100,10,0
J0P,DBXT MSWorld US$,D,20150730,4.6900,4.6900,4.6900,4.6900,2000,0
J0P,DBXT MSWorld US$,D,20150731,4.7400,4.7400,4.7400,4.7400,20,0
J0P,DBXT MSWorld US$,D,20150803,4.7400,4.7400,4.7400,4.7400,300,0
J0P,DBXT MSWorld US$,D,20150804,4.7400,4.7400,4.7400,4.7400,900,0
J0P,DBXT MSWorld US$,D,20150805,4.7400,4.7400,4.7400,4.7400,0,0
J0P,DBXT MSWorld US$,D,20150806,4.7400,4.7400,4.7300,4.7300,2730,0
J0P,DBXT MSWorld US$,D,20150811,4.7400,4.7400,4.7300,4.7300,4720,0
J0P,DBXT MSWorld US$,D,20150812,4.7100,4.7100,4.7100,4.7100,4220,0
J0P,DBXT MSWorld US$,D,20150813,4.7100,4.7100,4.7100,4.7100,0,0
J0P,DBXT MSWorld US$,D,20150814,4.7000,4.7000,4.7000,4.7000,1000,0
J0P,DBXT MSWorld US$,D,20150817,4.7000,4.7000,4.6800,4.7000,2760,0
J0P,DBXT MSWorld US$,D,20150818,4.7200,4.7200,4.7200,4.7200,50,0
J0P,DBXT MSWorld US$,D,20150819,4.7200,4.7200,4.7200,4.7200,0,0
J0P,DBXT MSWorld US$,D,20150820,4.6200,4.6200,4.6200,4.6200,10820,0
J0P,DBXT MSWorld US$,D,20150821,4.6000,4.6000,4.5300,4.5400,3170,0
J0P,DBXT MSWorld US$,D,20150824,4.3000,4.3000,4.3000,4.3000,300,0
J0P,DBXT MSWorld US$,D,20150825,4.3000,4.3300,4.3000,4.3200,9900,0
J0P,DBXT MSWorld US$,D,20150826,4.2500,4.3000,4.2500,4.3000,5520,0
J0P,DBXT MSWorld US$,D,20150827,4.3100,4.3800,4.3100,4.3700,10130,0
J0P,DBXT MSWorld US$,D,20150828,4.4500,4.4500,4.4500,4.4500,960,0
J0P,DBXT MSWorld US$,D,20150831,4.4500,4.4500,4.3900,4.3900,6010,0
J0P,DBXT MSWorld US$,D,20150901,4.3900,4.3900,4.3600,4.3600,1400,0
J0P,DBXT MSWorld US$,D,20150902,4.3400,4.3400,4.3300,4.3300,50,0
J0P,DBXT MSWorld US$,D,20150903,4.3300,4.3300,4.3300,4.3300,0,0
J0P,DBXT MSWorld US$,D,20150904,4.3300,4.3300,4.3200,4.3200,3510,0
J0P,DBXT MSWorld US$,D,20150907,4.3200,4.3200,4.3200,4.3200,0,0
J0P,DBXT MSWorld US$,D,20150908,4.3200,4.3200,4.3200,4.3200,0,0
J0P,DBXT MSWorld US$,D,20150909,4.3200,4.3200,4.3200,4.3200,0,0
J0P,DBXT MSWorld US$,D,20150910,4.3200,4.3200,4.3200,4.3200,0,0
J0P,DBXT MSWorld US$,D,20150914,4.4200,4.4200,4.3800,4.3800,1070,0
J0P,DBXT MSWorld US$,D,20150915,4.3800,4.3800,4.3800,4.3800,0,0
J0P,DBXT MSWorld US$,D,20150916,4.4100,4.4100,4.4100,4.4100,300,0
J0P,DBXT MSWorld US$,D,20150917,4.4600,4.4600,4.4600,4.4600,150,0
J0P,DBXT MSWorld US$,D,20150918,4.4600,4.4600,4.4600,4.4600,0,0
J0P,DBXT MSWorld US$,D,20150921,4.3700,4.3700,4.3700,4.3700,80,0
J0P,DBXT MSWorld US$,D,20150922,4.3900,4.3900,4.3900,4.3900,3090,0
J0P,DBXT MSWorld US$,D,20150923,4.3900,4.3900,4.3900,4.3900,0,0
J0P,DBXT MSWorld US$,D,20150925,4.4000,4.4000,4.2700,4.3100,80,0
J0P,DBXT MSWorld US$,D,20150928,4.2800,4.2800,4.2800,4.2800,4000,0
J0P,DBXT MSWorld US$,D,20150929,4.2300,4.2300,4.1700,4.2000,1620,0
J0P,DBXT MSWorld US$,D,20150930,4.2200,4.2200,4.2200,4.2200,24010,0
J0P,DBXT MSWorld US$,D,20151001,4.3000,4.3000,4.3000,4.3000,1390,0
J0P,DBXT MSWorld US$,D,20151002,4.2800,4.2800,4.2700,4.2700,4090,0
J0P,DBXT MSWorld US$,D,20151005,4.3400,4.3400,4.3400,4.3400,790,0
J0P,DBXT MSWorld US$,D,20151006,4.3400,4.3400,4.3400,4.3400,0,0
J0P,DBXT MSWorld US$,D,20151007,4.3400,4.3400,4.3400,4.3400,0,0
J0P,DBXT MSWorld US$,D,20151008,4.3400,4.3400,4.3400,4.3400,0,0
J0P,DBXT MSWorld US$,D,20151009,4.4900,4.4900,4.4900,4.4900,200,0
J0P,DBXT MSWorld US$,D,20151012,4.4900,4.4900,4.4900,4.4900,0,0
J0P,DBXT MSWorld US$,D,20151013,4.4800,4.4800,4.4700,4.4700,70,0
J0P,DBXT MSWorld US$,D,20151014,4.4700,4.4700,4.4700,4.4700,0,0
J0P,DBXT MSWorld US$,D,20151015,4.4700,4.4700,4.4700,4.4700,0,0
J0P,DBXT MSWorld US$,D,20151016,4.5200,4.5200,4.5200,4.5200,10,0
J0P,DBXT MSWorld US$,D,20151019,4.5300,4.5300,4.5300,4.5300,3030,0
J0P,DBXT MSWorld US$,D,20151020,4.5300,4.5300,4.5300,4.5300,150,0
J0P,DBXT MSWorld US$,D,20151021,4.5300,4.5300,4.5300,4.5300,0,0
J0P,DBXT MSWorld US$,D,20151022,4.5300,4.5300,4.5300,4.5300,0,0
J0P,DBXT MSWorld US$,D,20151023,4.5300,4.5300,4.5300,4.5300,0,0
J0P,DBXT MSWorld US$,D,20151026,4.6000,4.6000,4.6000,4.6000,950,0
J0P,DBXT MSWorld US$,D,20151027,4.6000,4.6000,4.6000,4.6000,10,0
J0P,DBXT MSWorld US$,D,20151028,4.6000,4.6000,4.6000,4.6000,0,0
J0P,DBXT MSWorld US$,D,20151029,4.7000,4.7000,4.6200,4.6200,5020,0
